dup_comp,doc_id,doc_label,n_markers,text_len,kept
0,t1_c911sly,non,7,385,True
1,t1_ccms1vy,non,25,905,True
2,t1_cguw8w8,cant_tell,7,452,True
3,t1_cjo20mz,non,4,405,True
4,t1_cjuo15p,non,0,826,True
5,t1_cjvgu50,non,2,597,True
6,t1_cl0y0vg,non,11,396,True
7,t1_cl7ew45,conspiracy,6,361,True
8,t1_cl8aif1,non,0,233,True
9,t1_cledddm,non,0,394,True
10,t1_clob1fe,cant_tell,7,322,True
11,t1_clwcokq,non,3,218,True
12,t1_clzliob,non,20,560,True
13,t1_cm0p49j,non,0,337,True
14,t1_cn0alyi,non,4,246,True
15,t1_cne1uqy,cant_tell,9,858,True
16,t1_cospxvi,non,0,254,True
17,t1_cp0b35p,non,0,559,True
18,t1_cp9o451,non,0,204,True
19,t1_cqcc3il,non,7,306,True
20,t1_crk6588,non,3,171,True
21,t1_crsecuj,non,8,906,True
22,t1_csthti6,non,4,220,True
23,t1_csxucnv,conspiracy,5,516,True
24,t1_ctdh1i8,non,6,243,True
25,t1_ctsjmpi,non,2,231,True
26,t1_cvjto0l,non,6,545,True
27,t1_cwebif6,conspiracy,2,280,True
28,t1_cwkcalg,non,3,333,True
29,t1_cwz4skq,non,1,234,True
30,t1_cxcwsmw,conspiracy,4,194,True
31,t1_cxzpuf8,conspiracy,5,288,True
32,t1_cybrizc,conspiracy,4,380,True
33,t1_cyjecij,cant_tell,6,197,True
34,t1_cyycd02,non,2,340,True
35,t1_cz5p2k5,cant_tell,2,492,True
36,t1_cze1q9u,non,10,259,True
37,t1_czkhz4v,non,1,395,True
38,t1_czzbb41,non,7,194,True
39,t1_d01kd3o,conspiracy,6,463,True
40,t1_d02ig4q,non,0,490,True
41,t1_d04d0p0,non,0,499,True
42,t1_d0rprc3,non,0,174,True
43,t1_d0woq43,non,2,392,True
44,t1_d0yhv7g,conspiracy,5,228,True
45,t1_d1ds861,non,20,945,True
45,t1_d1drsnh,non,0,945,False
47,t1_d1kbwwo,cant_tell,6,684,True
48,t1_d1z72ut,non,5,314,True
49,t1_d2dye9q,cant_tell,3,276,True
50,t1_d2odas9,non,5,276,True
51,t1_d2re132,non,6,433,True
52,t1_d2ttxsg,non,8,449,True
53,t1_d2u51tg,non,0,162,True
54,t1_d315rrf,cant_tell,4,655,True
55,t1_d31pycf,cant_tell,5,646,True
56,t1_d375flm,non,4,163,True
57,t1_d3lmhld,non,7,403,True
58,t1_d3wpt1f,cant_tell,6,695,True
59,t1_d4132ch,cant_tell,6,917,True
60,t1_d438c0g,non,5,566,True
61,t1_d560jmc,non,0,458,True
62,t1_d5c5cfi,non,6,207,True
63,t1_d5giixh,cant_tell,5,247,True
64,t1_d6a1oub,non,0,285,True
65,t1_d7v7vie,non,10,826,True
66,t1_d80n210,cant_tell,2,259,True
67,t1_d8mvxzl,non,6,218,True
68,t1_d8wi1ze,non,9,465,True
69,t1_d8wytyc,cant_tell,8,213,True
70,t1_da3neaj,non,5,547,True
71,t1_dam0h7s,non,1,229,True
72,t1_darvxk2,non,7,212,True
73,t1_dbf2b7d,non,5,654,True
74,t1_dd4b4rr,non,4,285,True
75,t1_ddoajis,non,5,359,True
76,t1_ddw3mag,conspiracy,6,570,True
77,t1_de2711z,non,0,546,True
78,t1_depbj99,non,0,700,True
79,t1_dfe7sz8,conspiracy,6,596,True
80,t1_dflctcf,conspiracy,4,445,True
81,t1_dfm2agq,non,5,530,True
82,t1_dfumrce,conspiracy,13,360,True
83,t1_dg81f6h,cant_tell,3,383,True
84,t1_dgjhaqp,non,0,162,True
85,t1_dgpu8vz,non,5,245,True
86,t1_dhp6t9f,cant_tell,6,373,True
87,t1_di0t906,non,0,163,True
88,t1_di0tf0w,non,8,446,True
89,t1_di0vy6l,non,0,204,True
90,t1_di0wads,cant_tell,3,281,True
91,t1_di84xbb,non,3,213,True
92,t1_dicooxf,non,2,241,True
93,t1_diebn5n,non,4,330,True
94,t1_diebx8y,non,8,207,True
95,t1_dimsxw7,non,3,198,True
96,t1_dintv4j,non,0,700,True
97,t1_dipklew,non,6,399,True
98,t1_diumqsc,non,1,519,True
99,t1_dj1ym0s,non,0,189,True
100,t1_dj3xp37,non,12,542,True
101,t1_djf2914,non,5,245,True
102,t1_djgvr8a,conspiracy,5,387,True
103,t1_djs9x3q,conspiracy,5,368,True
104,t1_djvnqvj,non,5,233,True
105,t1_dk42wwt,non,0,484,True
106,t1_dk4f13q,non,3,164,True
107,t1_dk87iid,non,0,214,True
108,t1_dk957s4,non,5,353,True
109,t1_dl1jd31,cant_tell,7,659,True
110,t1_dlfcfb8,non,5,497,True
111,t1_dlydyod,non,6,579,True
112,t1_dm2wm6j,non,3,304,True
113,t1_dm3zsyx,non,4,344,True
114,t1_dm5uui6,non,7,511,True
114,t1_dm5uz1p,conspiracy,4,511,False
116,t1_dm9s243,non,4,439,True
116,t1_etkzes2,conspiracy,7,307,False
117,t1_dmurcyz,non,0,716,True
118,t1_dnehbdr,non,6,484,True
119,t1_dnlqq77,non,3,285,True
120,t1_dnwomd1,non,4,877,True
121,t1_do2m8ux,non,4,405,True
122,t1_doj7s7m,non,8,278,True
122,t1_doif3n8,non,0,278,False
124,t1_dp0t655,non,3,344,True
125,t1_dp8dh7l,cant_tell,6,203,True
126,t1_dpzhppp,non,3,237,True
127,t1_dqfazwe,non,8,874,True
128,t1_dqlmrfp,non,6,204,True
129,t1_dripkn6,non,0,758,True
130,t1_ds2aqxf,cant_tell,4,172,True
131,t1_ds5z8j9,non,0,735,True
132,t1_ds6qrty,conspiracy,7,434,True
133,t1_ds6snwt,non,0,923,True
134,t1_ds804f1,non,8,219,True
135,t1_dscpgiz,conspiracy,5,207,True
136,t1_dsh09qb,non,6,272,True
137,t1_dsirz4y,conspiracy,5,217,True
138,t1_dso1u85,conspiracy,6,404,True
139,t1_dso9d57,conspiracy,5,325,True
140,t1_dspgjp8,non,0,219,True
141,t1_dspvru7,non,5,236,True
142,t1_dsqdn6h,conspiracy,12,525,True
143,t1_dssvnhe,conspiracy,5,258,True
144,t1_dst39lq,conspiracy,5,382,True
145,t1_dsu6gea,cant_tell,5,435,True
146,t1_dsv14tj,conspiracy,6,216,True
147,t1_dsxyg9x,cant_tell,2,264,True
148,t1_dszavds,non,5,245,True
149,t1_dszbrna,non,8,314,True
150,t1_dt044ab,non,0,219,True
151,t1_dt39c64,cant_tell,5,694,True
152,t1_dt46oz1,non,8,243,True
153,t1_dt4apjv,non,8,270,True
154,t1_dt4t1ml,non,0,646,True
155,t1_dt5kqwa,conspiracy,1,322,True
156,t1_dt5u79a,non,2,254,True
157,t1_dt90dw3,non,9,397,True
158,t1_dt9elm2,conspiracy,7,227,True
159,t1_dtam0ro,cant_tell,0,292,True
160,t1_dtbufji,conspiracy,6,388,True
161,t1_dtdz6rz,cant_tell,4,387,True
162,t1_dtepiqx,cant_tell,0,551,True
163,t1_dtexkqz,non,0,358,True
164,t1_dtgnvhp,conspiracy,7,608,True
165,t1_dtgwrn7,cant_tell,13,638,True
166,t1_dti8p7y,cant_tell,3,915,True
167,t1_dtiyukh,conspiracy,10,521,True
168,t1_dtizfgj,non,9,349,True
169,t1_dtjgllf,conspiracy,5,188,True
170,t1_dtkech1,non,6,208,True
171,t1_dtornpc,cant_tell,5,284,True
172,t1_dtpnrcq,conspiracy,7,342,True
173,t1_dtq17zk,non,5,218,True
174,t1_dtqffjs,cant_tell,6,194,True
175,t1_dtu9dp4,cant_tell,4,256,True
176,t1_dtxxenf,non,2,166,True
177,t1_dtymwhf,conspiracy,7,272,True
178,t1_dtzkauz,cant_tell,0,232,True
179,t1_du0xjc4,conspiracy,10,272,True
180,t1_du0yw8z,cant_tell,6,281,True
181,t1_du163mv,conspiracy,5,526,True
182,t1_du2l4d7,cant_tell,0,266,True
183,t1_du2p89s,cant_tell,1,422,True
184,t1_du4jf3a,cant_tell,4,193,True
185,t1_du6sidh,non,0,404,True
186,t1_du70bck,non,2,196,True
187,t1_du941xr,cant_tell,6,341,True
188,t1_duaydth,non,7,266,True
189,t1_dub46ko,conspiracy,7,596,True
190,t1_ducu5l7,non,3,166,True
191,t1_dufpc5y,cant_tell,6,210,True
192,t1_dugi06h,non,7,420,True
193,t1_duld2do,non,0,216,True
194,t1_dum7d2m,non,0,244,True
195,t1_dumn2t3,conspiracy,5,291,True
196,t1_dundstv,cant_tell,3,253,True
197,t1_duozdp9,conspiracy,6,797,True
198,t1_dup7shv,conspiracy,5,229,True
199,t1_duqfq38,conspiracy,5,263,True
200,t1_durxzn9,conspiracy,6,347,True
201,t1_dut2dou,cant_tell,3,225,True
202,t1_duy8wzv,conspiracy,5,499,True
203,t1_duz6xqn,non,7,606,True
204,t1_duzom1l,non,3,777,True
205,t1_dv0zbe7,conspiracy,6,198,True
206,t1_dv3340h,non,0,236,True
207,t1_dv52oyg,non,0,955,True
208,t1_dv5ircm,non,0,788,True
209,t1_dv5otx8,conspiracy,2,253,True
210,t1_dv7yq7v,conspiracy,6,700,True
211,t1_dva0k7n,conspiracy,3,199,True
212,t1_dvbcbco,non,2,451,True
213,t1_dvcvd3x,cant_tell,6,326,True
214,t1_dvf1ikl,conspiracy,4,254,True
215,t1_dvflssh,conspiracy,5,767,True
216,t1_dvghb5p,non,0,389,True
217,t1_dvi1sb9,non,6,431,True
218,t1_dvi5pre,conspiracy,7,211,True
219,t1_dvip17b,conspiracy,6,262,True
220,t1_dvlqcth,cant_tell,0,593,True
221,t1_dvlx3dq,conspiracy,3,353,True
222,t1_dvmjgvq,cant_tell,13,232,True
223,t1_dvmjq2f,conspiracy,4,175,True
224,t1_dvmxtkp,conspiracy,17,623,True
225,t1_dvo5d24,cant_tell,4,264,True
226,t1_dvpi4lw,conspiracy,4,182,True
227,t1_dvqpv8w,non,0,296,True
228,t1_dvr2adz,cant_tell,3,374,True
229,t1_dvsuxk3,non,0,700,True
230,t1_dvtvbii,non,5,234,True
231,t1_dvu9owh,conspiracy,6,163,True
232,t1_dvvl8hl,conspiracy,2,251,True
233,t1_dvw8pdm,conspiracy,19,567,True
234,t1_dvx4jq1,cant_tell,9,398,True
235,t1_dvxjxtq,non,2,498,True
236,t1_dvxoi49,conspiracy,2,174,True
237,t1_dw2hjwt,cant_tell,6,316,True
238,t1_dw2kabp,cant_tell,2,205,True
239,t1_dw2lyid,non,4,661,True
240,t1_dw374sc,cant_tell,14,998,True
241,t1_dw4knu8,cant_tell,4,227,True
242,t1_dw5qjqx,conspiracy,3,172,True
243,t1_dw6cz1v,non,8,718,True
244,t1_dw70t9h,conspiracy,2,422,True
245,t1_dw74hjp,non,5,211,True
246,t1_dw850o1,conspiracy,5,526,True
247,t1_dw8n1vj,non,0,275,True
248,t1_dw8ojqz,conspiracy,5,291,True
249,t1_dw9hdh2,conspiracy,22,851,True
250,t1_dwbtij8,non,5,323,True
251,t1_dwdn0to,non,0,176,True
252,t1_dwei893,non,4,177,True
253,t1_dwgcfzk,conspiracy,8,206,True
254,t1_dwgh5on,conspiracy,7,243,True
255,t1_dwifbci,conspiracy,7,450,True
256,t1_dwis2v9,non,9,426,True
257,t1_dwjes1m,conspiracy,4,307,True
258,t1_dwjjh4l,non,4,191,True
259,t1_dwk9eqm,conspiracy,13,354,True
260,t1_dwkdz1y,non,7,222,True
261,t1_dwnlhep,conspiracy,2,492,True
262,t1_dwr2hul,conspiracy,6,399,True
263,t1_dws65xb,non,3,170,True
264,t1_dwt6p8j,non,7,1000,True
265,t1_dwv9w1g,conspiracy,4,317,True
266,t1_dwvwcc1,conspiracy,4,284,True
267,t1_dww0zqu,conspiracy,12,408,True
268,t1_dwx0ybw,conspiracy,8,326,True
269,t1_dx1op4i,cant_tell,3,590,True
270,t1_dx38kva,non,2,367,True
271,t1_dx4en94,non,5,256,True
272,t1_dx4ps3s,conspiracy,14,445,True
273,t1_dx4y4g6,conspiracy,6,220,True
274,t1_dx73xym,cant_tell,14,784,True
275,t1_dx77lpo,cant_tell,5,169,True
276,t1_dx7ueh3,conspiracy,6,204,True
277,t1_dx8k3c8,conspiracy,1,201,True
278,t1_dxabi0m,non,0,784,True
279,t1_dxbfss4,conspiracy,5,574,True
280,t1_dxbihwe,non,7,165,True
281,t1_dxbnu39,non,3,196,True
282,t1_dxc4p7u,non,0,350,True
283,t1_dxccin8,non,0,279,True
284,t1_dxdbesq,non,11,485,True
285,t1_dxdsm6n,conspiracy,19,538,True
286,t1_dxeq6v9,conspiracy,8,199,True
287,t1_dxfd72z,non,5,837,True
287,t1_dxfd95y,cant_tell,2,837,False
289,t1_dxfjicg,conspiracy,4,349,True
290,t1_dxfx5ri,non,5,472,True
291,t1_dxi2lw2,conspiracy,12,402,True
292,t1_dxifhqv,cant_tell,3,323,True
293,t1_dxj1cw8,non,6,253,True
294,t1_dxjk30t,non,1,171,True
295,t1_dxlp6c9,non,6,184,True
296,t1_dxnm7cy,conspiracy,3,275,True
297,t1_dxo2csn,non,0,448,True
298,t1_dxqic5r,conspiracy,10,312,True
299,t1_dxuaw5q,non,0,249,True
300,t1_dxwmmgu,non,3,214,True
301,t1_dxxjz9u,non,0,552,True
302,t1_dxyt4o8,non,5,346,True
303,t1_dxyy1om,non,8,165,True
304,t1_dy0j7tc,non,3,360,True
305,t1_dy0oy06,conspiracy,9,290,True
306,t1_dy10ac0,cant_tell,5,337,True
307,t1_dy14avn,conspiracy,6,508,True
308,t1_dy1vjvf,non,0,177,True
309,t1_dy26buk,non,0,675,True
310,t1_dy393qs,conspiracy,9,280,True
311,t1_dy5sjng,conspiracy,7,512,True
312,t1_dy74uqc,conspiracy,2,893,True
313,t1_dycbyi1,cant_tell,4,344,True
314,t1_dydpc83,non,0,263,True
315,t1_dye3vh7,non,1,252,True
316,t1_dye8b90,cant_tell,6,272,True
317,t1_dyg5mfm,conspiracy,6,403,True
318,t1_dyg9max,non,0,289,True
319,t1_dygzkq8,conspiracy,5,384,True
320,t1_dyh6zk0,non,2,245,True
321,t1_dyjns7e,non,7,323,True
322,t1_dyjp3rd,conspiracy,8,329,True
323,t1_dykzmcq,conspiracy,5,396,True
324,t1_dyldb78,cant_tell,0,235,True
325,t1_dymmea5,non,10,768,True
326,t1_dyo8nnf,conspiracy,10,851,True
327,t1_dyo8qrm,conspiracy,7,827,True
328,t1_dyp3e6m,non,7,183,True
329,t1_dyp9yp5,non,6,472,True
330,t1_dypedvw,conspiracy,9,423,True
331,t1_dyt04ua,non,4,266,True
332,t1_dytohsf,non,0,523,True
333,t1_dyuh4c2,conspiracy,5,246,True
334,t1_dyy7u1z,conspiracy,10,494,True
335,t1_dyzrrkg,non,0,162,True
336,t1_dz342q6,non,10,374,True
337,t1_dz7h5l6,cant_tell,6,678,True
338,t1_dz7l1ye,non,0,236,True
339,t1_dz9aqw3,conspiracy,3,208,True
340,t1_dzamqar,non,5,185,True
341,t1_dzcpmo6,conspiracy,8,446,True
342,t1_dzdacuz,conspiracy,10,664,True
343,t1_dzeehd7,cant_tell,0,707,True
344,t1_dzf8dl4,non,4,162,True
345,t1_dzh0psp,cant_tell,5,254,True
346,t1_dzhyz7a,non,8,375,True
347,t1_dzjngn0,conspiracy,5,187,True
348,t1_dzksc2z,conspiracy,6,225,True
349,t1_dzmds96,cant_tell,4,396,True
350,t1_dzofg1a,cant_tell,5,226,True
351,t1_dzpw21t,non,2,186,True
352,t1_dzqz120,non,2,665,True
353,t1_dzrzb8g,non,0,239,True
354,t1_dzs76tc,non,0,294,True
355,t1_dzus7a9,conspiracy,3,199,True
356,t1_dzvj2vr,conspiracy,13,365,True
357,t1_dzvp6zl,conspiracy,7,877,True
358,t1_dzwa6qd,non,0,408,True
359,t1_dzynu5k,conspiracy,11,475,True
360,t1_dzz28sn,conspiracy,9,802,True
361,t1_e01i5l7,conspiracy,12,785,True
362,t1_e03pyae,cant_tell,0,213,True
363,t1_e08rzok,non,0,386,True
364,t1_e09ormt,non,0,240,True
365,t1_e09yucu,cant_tell,2,231,True
366,t1_e0aehjj,non,2,543,True
367,t1_e0ayvim,non,15,366,True
368,t1_e0crm5m,cant_tell,3,338,True
369,t1_e0gaj1z,non,5,205,True
370,t1_e0i1f3n,non,14,740,True
371,t1_e0i5dra,cant_tell,7,279,True
372,t1_e0j0mo5,cant_tell,0,374,True
373,t1_e0jv09g,conspiracy,6,277,True
374,t1_e0kuksd,non,0,197,True
375,t1_e0l2zt6,conspiracy,3,291,True
376,t1_e0mo1dn,conspiracy,7,285,True
377,t1_e0n56f5,non,4,244,True
378,t1_e0neni3,cant_tell,7,262,True
379,t1_e0qho6h,cant_tell,3,201,True
380,t1_e0tg9pu,conspiracy,3,768,True
381,t1_e0u6don,cant_tell,4,394,True
382,t1_e0ujkq7,conspiracy,5,184,True
383,t1_e0vvs4n,conspiracy,8,484,True
384,t1_e0yv09k,non,13,421,True
385,t1_e11z26u,non,8,292,True
386,t1_e132r4w,conspiracy,14,317,True
387,t1_e14hdy5,conspiracy,6,274,True
388,t1_e14vx9e,non,3,276,True
389,t1_e15atoh,conspiracy,14,746,True
390,t1_e16wwap,conspiracy,8,963,True
391,t1_e177pyz,conspiracy,7,191,True
392,t1_e17924d,non,0,595,True
393,t1_e1aen2x,conspiracy,8,259,True
394,t1_e1bkh4k,cant_tell,7,359,True
395,t1_e1ci2ui,cant_tell,4,554,True
396,t1_e1czhlh,non,7,536,True
397,t1_e1dge6d,non,0,347,True
398,t1_e1ey5gf,cant_tell,3,213,True
399,t1_e1g6fl8,non,5,401,True
400,t1_e1h0zy9,cant_tell,7,372,True
401,t1_e1h2s97,cant_tell,5,418,True
402,t1_e1ifbg4,non,5,213,True
403,t1_e1kpkb9,non,8,175,True
404,t1_e1kv4sz,non,0,190,True
405,t1_e1m9gsi,non,0,331,True
406,t1_e1pv6xg,conspiracy,8,235,True
407,t1_e1rbnjn,non,0,248,True
408,t1_e1rr455,conspiracy,9,674,True
409,t1_e1tdd1z,conspiracy,7,480,True
410,t1_e1u236u,non,0,756,True
411,t1_e1v9o2e,non,12,333,True
412,t1_e1vgie7,conspiracy,7,195,True
413,t1_e1xqf0a,conspiracy,3,227,True
414,t1_e20h5nm,non,2,267,True
415,t1_e20rzvd,non,5,383,True
416,t1_e22gqyu,conspiracy,5,218,True
417,t1_e22zjhm,non,7,390,True
418,t1_e23rtmj,conspiracy,6,302,True
419,t1_e244e7c,cant_tell,4,291,True
420,t1_e24toiu,non,0,163,True
421,t1_e28by3c,conspiracy,6,934,True
422,t1_e296l4u,non,0,272,True
423,t1_e29o3cr,conspiracy,14,459,True
424,t1_e2e7g3s,cant_tell,4,351,True
425,t1_e2fgubo,cant_tell,2,268,True
426,t1_e2g8n1d,non,6,453,True
427,t1_e2hnuzb,non,4,370,True
428,t1_e2kd0gw,non,0,622,True
429,t1_e2mi5fm,conspiracy,5,606,True
430,t1_e2momt5,conspiracy,5,263,True
431,t1_e2mtu1q,conspiracy,11,620,True
432,t1_e2p70d4,non,9,210,True
433,t1_e2s3wrh,conspiracy,5,220,True
434,t1_e2t5fxj,conspiracy,10,389,True
435,t1_e2tgn2x,cant_tell,6,240,True
436,t1_e2u0yph,non,0,290,True
437,t1_e2uwyee,non,0,447,True
438,t1_e2ygu1x,non,6,265,True
439,t1_e2yu5fw,conspiracy,5,682,True
440,t1_e2z8h1j,cant_tell,7,448,True
441,t1_e2zok2d,conspiracy,17,469,True
442,t1_e2zxhza,conspiracy,13,255,True
443,t1_e31ti6k,conspiracy,10,387,True
444,t1_e33d68o,non,7,391,True
445,t1_e33ujje,non,5,481,True
446,t1_e36943k,non,5,275,True
447,t1_e36z24u,conspiracy,4,212,True
448,t1_e390jy4,non,5,391,True
449,t1_e399gka,cant_tell,0,245,True
450,t1_e3bxdog,conspiracy,7,223,True
451,t1_e3db1q8,non,0,296,True
452,t1_e3ez01l,cant_tell,0,249,True
453,t1_e3f3qay,non,6,280,True
454,t1_e3fcxxs,cant_tell,1,200,True
455,t1_e3g2hoq,conspiracy,6,165,True
456,t1_e3hqrk2,cant_tell,6,266,True
457,t1_e3igo79,cant_tell,5,493,True
458,t1_e3l7e35,non,6,255,True
459,t1_e3n8u6b,cant_tell,6,212,True
460,t1_e3nx5r2,cant_tell,0,241,True
461,t1_e3r591d,conspiracy,8,378,True
462,t1_e3sq8d6,non,9,750,True
463,t1_e3vh3ys,non,5,186,True
464,t1_e3vj5fi,non,3,469,True
465,t1_e3xhzij,conspiracy,1,288,True
466,t1_e3zcfgq,cant_tell,2,494,True
467,t1_e3zmzqb,non,0,237,True
468,t1_e3ztchc,conspiracy,9,304,True
469,t1_e40u5hk,cant_tell,5,812,True
470,t1_e42kyg1,conspiracy,13,476,True
471,t1_e42of0s,cant_tell,5,208,True
472,t1_e43isyj,non,7,193,True
473,t1_e44cj3r,cant_tell,0,672,True
474,t1_e44f9rv,conspiracy,3,210,True
475,t1_e4ct5ae,non,10,483,True
476,t1_e4dmtmf,conspiracy,6,462,True
477,t1_e4hcygt,cant_tell,4,197,True
478,t1_e4hfeo0,non,0,382,True
479,t1_e4hwk5m,non,6,315,True
480,t1_e4ihl1q,cant_tell,16,580,True
481,t1_e4j7j75,conspiracy,8,431,True
482,t1_e4ktm1i,cant_tell,3,221,True
483,t1_e4kvdzg,non,0,252,True
484,t1_e4kvz2g,non,6,347,True
485,t1_e4l98z8,conspiracy,12,348,True
486,t1_e4ldsg4,conspiracy,5,259,True
487,t1_e4np516,cant_tell,8,604,True
488,t1_e4okrcx,cant_tell,0,212,True
489,t1_e4pddq8,conspiracy,9,733,True
490,t1_e4qb6q8,conspiracy,8,457,True
491,t1_e4qgpkm,cant_tell,6,717,True
492,t1_e4ryc34,conspiracy,6,216,True
493,t1_e4tw8nb,non,5,294,True
494,t1_e4v4mdb,cant_tell,0,978,True
495,t1_e4x2ums,conspiracy,6,188,True
496,t1_e4xcv8h,conspiracy,8,733,True
497,t1_e4zacmb,cant_tell,9,354,True
498,t1_e50geae,conspiracy,8,382,True
499,t1_e51nsm1,non,5,440,True
500,t1_e52ueby,conspiracy,6,191,True
501,t1_e57nrr3,conspiracy,9,602,True
502,t1_e5883x7,cant_tell,1,326,True
503,t1_e5en1c2,conspiracy,24,691,True
504,t1_e5fkcwz,cant_tell,5,255,True
505,t1_e5g2rmk,cant_tell,1,222,True
506,t1_e5h8rtr,cant_tell,9,182,True
507,t1_e5iazc6,non,13,832,True
508,t1_e5k2x9q,conspiracy,3,389,True
509,t1_e5kvyt4,conspiracy,2,201,True
510,t1_e5lqh3a,conspiracy,12,425,True
511,t1_e5myckn,non,6,205,True
512,t1_e5n8kzl,cant_tell,2,296,True
513,t1_e5ndxmd,conspiracy,5,311,True
514,t1_e5qetag,conspiracy,5,400,True
515,t1_e5spy7t,conspiracy,3,241,True
516,t1_e5w0479,conspiracy,4,212,True
517,t1_e5zc8p5,non,0,428,True
518,t1_e60zb6j,cant_tell,4,185,True
519,t1_e61czhy,conspiracy,9,399,True
520,t1_e62t8x5,non,2,364,True
521,t1_e63vihu,non,15,459,True
522,t1_e66xfi0,cant_tell,2,177,True
523,t1_e682qpn,conspiracy,6,571,True
524,t1_e69rpxk,non,0,209,True
525,t1_e6biv9y,non,0,333,True
526,t1_e6c2jhu,non,0,447,True
527,t1_e6c5nf7,conspiracy,11,623,True
528,t1_e6dpyn1,cant_tell,1,427,True
529,t1_e6ejd31,cant_tell,6,265,True
530,t1_e6fzelv,non,2,251,True
531,t1_e6ia8gj,conspiracy,12,724,True
532,t1_e6ndq3c,conspiracy,12,539,True
533,t1_e6nu9b2,non,0,172,True
534,t1_e6ob7uf,conspiracy,6,366,True
535,t1_e6p4ziz,conspiracy,6,307,True
536,t1_e6q5g9q,non,4,335,True
537,t1_e6qm69x,cant_tell,4,162,True
538,t1_e6t9p6s,conspiracy,5,281,True
539,t1_e70rwuj,cant_tell,6,311,True
540,t1_e713bqm,non,0,270,True
541,t1_e73ov2k,cant_tell,6,163,True
542,t1_e74aqqv,conspiracy,7,343,True
543,t1_e75ax0b,conspiracy,6,358,True
544,t1_e78v2gl,cant_tell,5,444,True
545,t1_e7b4py7,conspiracy,3,274,True
546,t1_e7b5gu4,cant_tell,4,238,True
547,t1_e7bhf0t,conspiracy,7,356,True
548,t1_e7cqmpz,non,4,285,True
549,t1_e7eircw,non,0,200,True
550,t1_e7hxvyt,non,0,432,True
551,t1_e7juhfr,cant_tell,1,505,True
552,t1_e7jy268,conspiracy,3,231,True
553,t1_e7k7x3d,non,0,179,True
554,t1_e7kj243,conspiracy,10,333,True
555,t1_e7mq9to,conspiracy,8,312,True
556,t1_e7nmyya,cant_tell,7,261,True
557,t1_e7nttj7,non,5,184,True
558,t1_e7p842y,conspiracy,6,427,True
559,t1_e7vs75x,conspiracy,8,549,True
560,t1_e7xn9br,non,13,791,True
561,t1_e824ci7,cant_tell,13,458,True
562,t1_e828gs8,non,0,296,True
563,t1_e83mhq9,non,7,568,True
564,t1_e84gvx0,non,10,229,True
565,t1_e84r7ia,non,5,203,True
566,t1_e854lr4,non,3,326,True
566,t1_e857drl,conspiracy,5,326,False
568,t1_e87k9bo,conspiracy,5,366,True
569,t1_e87u4im,conspiracy,14,695,True
570,t1_e883cog,conspiracy,9,685,True
571,t1_e88n0wm,non,8,261,True
572,t1_e89lu01,cant_tell,5,176,True
573,t1_e8ddm5q,non,8,800,True
574,t1_e8e4n3y,non,3,210,True
575,t1_e8goh8m,non,6,271,True
576,t1_e8huxtg,cant_tell,2,344,True
577,t1_e8judcl,conspiracy,12,308,True
578,t1_e8l4oh6,cant_tell,5,178,True
579,t1_e8p8xs5,non,7,207,True
580,t1_e8pa361,cant_tell,5,387,True
581,t1_e8pvy3n,non,4,169,True
582,t1_e8roglc,cant_tell,6,360,True
583,t1_e8tohxa,non,4,185,True
584,t1_e8u3h53,cant_tell,6,574,True
585,t1_e8xawsr,non,6,199,True
586,t1_e8xqvpo,conspiracy,6,173,True
587,t1_e8ylrnc,non,1,232,True
588,t1_e91xukz,conspiracy,7,456,True
589,t1_e93zmh3,non,1,382,True
590,t1_e94b9qu,non,5,267,True
591,t1_e964bla,non,10,257,True
592,t1_e98u3jh,conspiracy,8,350,True
593,t1_e9980mh,non,5,281,True
594,t1_e9a31kj,non,10,401,True
595,t1_e9b1wh3,cant_tell,0,549,True
596,t1_e9eyydp,conspiracy,4,227,True
597,t1_e9gbebp,non,7,180,True
598,t1_e9jw2l4,cant_tell,10,289,True
599,t1_e9lzdhn,conspiracy,21,856,True
600,t1_e9mgm6k,conspiracy,8,181,True
601,t1_e9mhtja,cant_tell,3,286,True
602,t1_e9mu9iy,non,3,190,True
603,t1_e9odppu,non,6,186,True
604,t1_e9p6lst,cant_tell,8,288,True
605,t1_e9r3b0x,conspiracy,11,353,True
606,t1_e9seu4s,non,4,188,True
607,t1_e9sorvo,non,7,221,True
608,t1_e9td9kv,cant_tell,5,264,True
609,t1_e9ukj75,cant_tell,4,539,True
610,t1_e9v4c82,non,6,557,True
611,t1_ea0zrmq,non,0,247,True
612,t1_ea1g6cn,conspiracy,6,338,True
613,t1_ea4qpej,non,3,224,True
614,t1_ea8qooq,cant_tell,7,303,True
615,t1_ea97y73,conspiracy,3,293,True
616,t1_ea9rcqj,cant_tell,5,321,True
617,t1_eaag5ml,conspiracy,8,983,True
618,t1_eac1hkd,conspiracy,6,340,True
619,t1_eahlbx7,conspiracy,4,193,True
620,t1_eamh3bc,conspiracy,6,176,True
621,t1_eao0lp2,conspiracy,5,179,True
622,t1_eatrqrc,conspiracy,5,552,True
623,t1_eau536z,conspiracy,4,278,True
624,t1_eau9xjg,conspiracy,5,197,True
625,t1_eax2m17,non,9,229,True
626,t1_eaxonx6,non,0,201,True
627,t1_eb2m99c,non,0,301,True
628,t1_eb37rl3,non,0,271,True
629,t1_eb5gedq,non,5,232,True
630,t1_eb7grm3,non,17,407,True
631,t1_eb8hy44,cant_tell,3,264,True
632,t1_eb8kg9c,conspiracy,15,615,True
633,t1_ebaffwk,conspiracy,5,446,True
634,t1_ebbp8uq,conspiracy,6,323,True
635,t1_ebdh779,conspiracy,6,736,True
636,t1_ebi2vx7,conspiracy,5,170,True
637,t1_ebi747y,non,0,223,True
638,t1_ebig900,non,1,211,True
639,t1_ebjkudb,non,4,224,True
640,t1_ebmj8s4,non,3,272,True
641,t1_ebmyyqt,conspiracy,11,627,True
642,t1_ebrcze6,conspiracy,5,256,True
643,t1_ebsvu2x,cant_tell,7,411,True
644,t1_ebsz0y5,conspiracy,4,671,True
645,t1_ebyd7ql,non,0,185,True
646,t1_ebyyn0j,non,7,184,True
647,t1_ebzl00l,conspiracy,5,181,True
648,t1_ebzmmaw,non,5,297,True
649,t1_ec1qosp,conspiracy,5,182,True
650,t1_ec1us78,conspiracy,5,176,True
651,t1_ec2x1qs,conspiracy,4,419,True
652,t1_ec2zcqa,cant_tell,3,581,True
653,t1_ec3nl8c,non,6,396,True
653,t1_ec3okf0,conspiracy,5,396,False
653,t1_ec3okwf,cant_tell,1,396,False
656,t1_ec4pxh9,non,10,505,True
657,t1_ec4vwzg,conspiracy,3,172,True
658,t1_ec5aue2,cant_tell,7,279,True
659,t1_ecam2h5,conspiracy,2,504,True
660,t1_ecamlc9,non,6,331,True
661,t1_ecazut8,conspiracy,3,240,True
662,t1_ecblbkx,cant_tell,1,214,True
663,t1_eceugpx,non,9,338,True
664,t1_ecjhbjz,cant_tell,5,389,True
665,t1_eckf9dw,conspiracy,10,384,True
666,t1_eclxulv,non,6,308,True
667,t1_ecqggdj,conspiracy,6,468,True
668,t1_ecqh23r,cant_tell,5,263,True
669,t1_ecqu4ne,cant_tell,5,286,True
670,t1_ect7ayw,conspiracy,6,509,True
671,t1_ectb45o,conspiracy,8,526,True
672,t1_ectely3,cant_tell,1,763,True
673,t1_ecus7r6,cant_tell,3,612,True
674,t1_ecxyg04,conspiracy,6,599,True
675,t1_edekwcj,conspiracy,9,205,True
676,t1_edmhmlk,non,0,867,True
677,t1_edswhw6,non,3,329,True
678,t1_ee0zen9,conspiracy,7,448,True
679,t1_ee6hptk,conspiracy,6,927,True
680,t1_ee7dohn,non,2,193,True
681,t1_eed5kg5,non,0,963,True
682,t1_eekecxz,non,14,954,True
683,t1_eekqf1z,conspiracy,7,623,True
684,t1_eevt1h1,non,3,202,True
685,t1_eeyang8,cant_tell,9,683,True
686,t1_ef7tvwt,conspiracy,5,603,True
687,t1_efbdmm3,conspiracy,8,408,True
688,t1_efj54fr,conspiracy,14,357,True
689,t1_eflzkl3,conspiracy,4,382,True
690,t1_efm5der,cant_tell,0,745,True
691,t1_efmlhjv,non,5,165,True
692,t1_efw0drs,conspiracy,6,525,True
693,t1_efwgb9v,conspiracy,5,429,True
694,t1_efx6wkc,conspiracy,6,339,True
695,t1_eg1pqs6,non,4,213,True
696,t1_eg3z4ln,non,0,167,True
697,t1_eg4y2ig,non,5,273,True
698,t1_eg7vw9d,cant_tell,2,238,True
699,t1_egbvl95,conspiracy,7,268,True
700,t1_egmykdu,non,0,222,True
701,t1_egn80ro,conspiracy,4,579,True
702,t1_egy3fu7,conspiracy,3,413,True
703,t1_eh5x2lw,conspiracy,4,580,True
703,t1_eh5y6ra,conspiracy,3,580,False
705,t1_ehbhtjz,conspiracy,4,248,True
706,t1_ehj956t,conspiracy,21,689,True
707,t1_ehjj9bs,non,1,180,True
708,t1_ehuugcr,conspiracy,8,610,True
709,t1_ehv2kzu,conspiracy,4,414,True
710,t1_ei9o7aj,non,2,192,True
711,t1_ei9skns,conspiracy,8,329,True
712,t1_eidgfk0,non,4,390,True
713,t1_eih6xa2,non,2,376,True
714,t1_eistt6s,cant_tell,5,541,True
715,t1_ej7rig2,cant_tell,3,935,True
716,t1_ejb19lh,conspiracy,7,242,True
716,t1_el8w0il,conspiracy,4,251,False
717,t1_ejc4kfl,conspiracy,5,206,True
718,t1_ejcjqoo,cant_tell,4,364,True
719,t1_ejflalz,cant_tell,6,597,True
720,t1_ejjbjc4,cant_tell,5,273,True
721,t1_ejrsahj,cant_tell,0,366,True
722,t1_ejvea52,non,0,333,True
723,t1_ejzgyrf,non,3,488,True
724,t1_ek0lmjc,non,8,200,True
725,t1_ek0xv3u,cant_tell,5,315,True
726,t1_ek2ywfx,conspiracy,5,679,True
727,t1_ek41p3d,non,5,489,True
728,t1_ek6j5l2,conspiracy,4,548,True
729,t1_ek7btyy,conspiracy,5,372,True
730,t1_ek8wt15,non,0,282,True
731,t1_ek9wesh,conspiracy,5,292,True
732,t1_eke3jti,non,8,631,True
733,t1_ekfrsnp,cant_tell,0,512,True
734,t1_ekh5yq7,non,0,351,True
735,t1_ekirngn,non,0,417,True
736,t1_ekj0eeq,non,0,409,True
737,t1_ekj9tua,cant_tell,5,389,True
738,t1_ekkmtyz,conspiracy,5,217,True
739,t1_ekkucm0,non,2,201,True
740,t1_eknlezw,non,0,386,True
741,t1_ekopgwb,conspiracy,5,173,True
742,t1_ekqm6po,cant_tell,1,159,True
743,t1_ekunhum,non,0,390,True
744,t1_ekvq976,conspiracy,6,494,True
745,t1_ekwd0nm,non,10,366,True
746,t1_ekyq4ns,non,0,486,True
747,t1_ekyxflx,non,10,227,True
748,t1_ekzj0w3,conspiracy,5,167,True
749,t1_ekzqfw6,non,2,518,True
750,t1_el2xr0g,conspiracy,14,639,True
751,t1_el49p3j,non,13,759,True
752,t1_el6s5yk,non,5,229,True
753,t1_el727kd,non,7,525,True
755,t1_elbg9hh,conspiracy,5,294,True
756,t1_elc14lm,non,0,456,True
757,t1_elcq7w6,conspiracy,7,257,True
758,t1_ele3v9o,cant_tell,9,325,True
759,t1_elg51r9,conspiracy,5,294,True
760,t1_elgc8jr,non,0,186,True
761,t1_elgmxbd,non,0,300,True
762,t1_ellqsv7,non,3,305,True
763,t1_ells7xm,conspiracy,4,293,True
764,t1_elm8mdl,non,5,453,True
765,t1_elq3yen,conspiracy,5,170,True
766,t1_elr4ex7,conspiracy,11,478,True
767,t1_elsfu45,conspiracy,12,514,True
768,t1_eludjjw,non,15,480,True
769,t1_elzyly8,non,0,327,True
770,t1_em4hx9e,non,10,592,True
771,t1_em4zymp,non,4,215,True
772,t1_em9h6f2,conspiracy,8,444,True
773,t1_emcerl8,non,6,203,True
774,t1_eme5rgn,conspiracy,6,430,True
775,t1_emgr2b2,non,0,428,True
776,t1_emhr9fy,non,2,172,True
777,t1_emksy92,conspiracy,4,327,True
778,t1_emnnyde,cant_tell,7,359,True
779,t1_emntjd4,conspiracy,9,284,True
780,t1_emtcrts,conspiracy,1,210,True
781,t1_emy2ftc,non,6,214,True
782,t1_emy97tj,cant_tell,3,342,True
783,t1_emzb72i,cant_tell,2,187,True
784,t1_en30ba3,cant_tell,7,362,True
785,t1_en9hms5,conspiracy,9,263,True
786,t1_engiv2p,non,4,807,True
787,t1_enhapvn,cant_tell,10,373,True
788,t1_enn2wiz,non,8,377,True
789,t1_enns0h4,non,0,410,True
790,t1_ent1zji,conspiracy,0,376,True
791,t1_eo9w9jc,conspiracy,8,391,True
792,t1_eok9nmo,conspiracy,5,304,True
793,t1_eoryiia,cant_tell,5,242,True
794,t1_eox4r66,non,0,358,True
795,t1_epf26u6,cant_tell,5,406,True
796,t1_epito2z,conspiracy,4,397,True
796,t1_epiu9zy,non,7,397,False
798,t1_epp1dhn,non,23,754,True
799,t1_ept96pu,non,6,241,True
800,t1_epupo11,non,4,340,True
801,t1_eq0zdn4,non,9,457,True
802,t1_eq37w0l,conspiracy,5,539,True
803,t1_eq9k4hg,cant_tell,9,889,True
804,t1_eq9vh0j,conspiracy,4,177,True
805,t1_eq9z1wh,non,3,763,True
806,t1_eqae2yx,cant_tell,4,233,True
807,t1_eqgab08,conspiracy,5,499,True
808,t1_eqh38rn,non,7,740,True
809,t1_eqj52vl,non,2,194,True
810,t1_eqmd4u2,cant_tell,8,288,True
811,t1_eqqnc2u,conspiracy,5,340,True
812,t1_eqz3ibj,cant_tell,4,205,True
813,t1_er6dx3k,non,0,233,True
814,t1_er9vnvz,non,5,255,True
815,t1_erblksx,conspiracy,5,510,True
816,t1_ere5gum,non,0,701,True
817,t1_ergh9jy,non,3,412,True
818,t1_ergp5sn,conspiracy,5,213,True
819,t1_erh5gks,conspiracy,6,165,True
820,t1_erh9gdc,non,8,983,True
821,t1_erkidj3,conspiracy,6,297,True
822,t1_erl8xcx,non,7,606,True
823,t1_ermfx98,conspiracy,5,811,True
824,t1_erojsmh,cant_tell,2,292,True
825,t1_erqer2k,cant_tell,6,563,True
826,t1_errzoqo,conspiracy,6,352,True
826,t1_errzw04,conspiracy,6,352,False
827,t1_errzsjm,conspiracy,1,362,True
829,t1_eru1yth,non,3,450,True
830,t1_erw2a3z,conspiracy,16,393,True
831,t1_eryh0q0,cant_tell,5,411,True
832,t1_es08sl7,non,0,563,True
833,t1_es5bnnj,conspiracy,5,282,True
834,t1_es7yrid,cant_tell,3,424,True
835,t1_es8hyiq,conspiracy,5,383,True
836,t1_es8wbep,non,11,294,True
837,t1_es8znqh,conspiracy,16,668,True
838,t1_es98dxq,non,0,540,True
839,t1_esafso6,non,2,558,True
840,t1_esbfdmm,non,10,619,True
841,t1_esd7n6i,conspiracy,5,376,True
842,t1_ese2a19,cant_tell,4,346,True
843,t1_esiinbd,conspiracy,5,984,True
844,t1_esjt3yz,non,3,626,True
845,t1_esmq8wg,non,9,375,True
846,t1_esok0c8,non,4,249,True
847,t1_esp6lcl,non,6,294,True
848,t1_eszo1qx,cant_tell,0,308,True
849,t1_et51gb7,non,0,228,True
850,t1_et65xip,cant_tell,2,655,True
851,t1_et6hm26,non,5,322,True
852,t1_etaa75u,cant_tell,0,276,True
853,t1_etbkkhn,non,10,369,True
854,t1_etbyfam,non,6,383,True
855,t1_etcb0tv,non,0,546,True
856,t1_etcj6rq,conspiracy,5,219,True
857,t1_etfad80,non,5,250,True
858,t1_etfd7p7,non,2,417,True
860,t1_etlqsfg,cant_tell,4,217,True
861,t1_etlvzjk,non,4,367,True
862,t1_etn0b69,conspiracy,4,240,True
863,t1_eto156w,cant_tell,5,357,True
864,t1_ettap1u,cant_tell,4,172,True
865,t1_ettkcu3,cant_tell,6,165,True
866,t1_ettuzzy,non,0,520,True
867,t1_etuci3t,conspiracy,2,263,True
868,t1_etuqcuk,conspiracy,6,205,True
869,t1_etw8esi,conspiracy,6,333,True
870,t1_etxu3kc,conspiracy,7,364,True
870,t1_etxuout,conspiracy,4,364,False
872,t1_etzv9gc,conspiracy,4,998,True
873,t1_eu4t99b,non,5,503,True
874,t1_eu5tt7g,cant_tell,0,173,True
875,t1_eucppte,non,7,405,True
876,t1_eudl1mi,conspiracy,7,380,True
877,t1_eue2c15,non,3,289,True
878,t1_euffflx,non,0,1349,True
879,t1_euide1o,conspiracy,5,308,True
880,t1_euqbtx8,conspiracy,7,164,True
881,t1_euqn7bc,conspiracy,7,914,True
882,t1_eur5zb8,cant_tell,5,203,True
883,t1_eure0z8,conspiracy,5,333,True
884,t1_eutc61w,cant_tell,3,459,True
885,t1_eutiq8t,cant_tell,9,731,True
886,t1_euwqtv2,non,14,706,True
887,t1_euyikqc,conspiracy,9,482,True
888,t1_ev0ee8c,non,4,228,True
889,t1_ev4q5wf,cant_tell,16,397,True
890,t1_ev68xuj,conspiracy,14,549,True
891,t1_ev7wzaj,conspiracy,10,309,True
892,t1_ev8t76j,conspiracy,6,303,True
893,t1_ev8xp30,non,6,196,True
894,t1_evbmxqn,non,0,257,True
895,t1_evds4ou,non,9,765,True
896,t1_evhmgeg,conspiracy,12,963,True
897,t1_evl9eot,conspiracy,5,407,True
898,t1_evmsi5e,conspiracy,7,280,True
899,t1_evrlebq,conspiracy,13,246,True
900,t1_evuxw4h,cant_tell,3,178,True
901,t1_evuz5ri,conspiracy,5,240,True
902,t1_evxgssx,non,2,453,True
903,t1_evxsz0z,non,5,856,True
904,t1_ew09vdr,conspiracy,6,452,True
905,t1_ew1bf92,non,1,372,True
906,t1_ew3lq73,conspiracy,7,345,True
907,t1_ew5o3zf,conspiracy,5,343,True
908,t1_ew6vlnp,conspiracy,13,865,True
909,t1_ew74lov,cant_tell,9,263,True
910,t1_ew7n1oy,non,0,182,True
911,t1_ewe9ooa,non,3,226,True
912,t1_ewecszi,cant_tell,4,195,True
913,t1_ewedxhu,cant_tell,6,463,True
914,t1_ewi3drn,non,0,227,True
915,t1_ewibxb5,non,5,236,True
916,t1_ewk8crg,cant_tell,7,236,True
917,t1_ewl8onp,non,0,216,True
918,t1_ewlig8x,conspiracy,8,482,True
919,t1_ewlqjv4,conspiracy,5,271,True
920,t1_ewmyi6c,non,1,219,True
921,t1_ewn1u80,cant_tell,0,200,True
922,t1_ewp4vwy,non,23,817,True
923,t1_ewprc6d,cant_tell,4,208,True
924,t1_ewr96u8,cant_tell,9,258,True
925,t1_ewsqhqj,conspiracy,5,202,True
926,t1_ewtqbr3,conspiracy,5,236,True
927,t1_ewuozil,conspiracy,5,414,True
928,t1_ewuu4g3,conspiracy,7,297,True
929,t1_ewv5e8m,conspiracy,4,478,True
930,t1_ewx339g,conspiracy,2,235,True
931,t1_ewxivqz,non,0,168,True
932,t1_ex35709,conspiracy,1,165,True
933,t1_ex53tdk,non,2,236,True
934,t1_ex6ypyb,non,16,480,True
935,t1_exafi3a,cant_tell,6,354,True
935,t1_exagppq,conspiracy,4,354,False
937,t1_exd9ccm,conspiracy,18,431,True
938,t1_exeiw7i,cant_tell,6,172,True
939,t1_exfcuka,non,6,251,True
940,t1_exi10rb,conspiracy,4,198,True
941,t1_exiixvj,non,0,333,True
942,t1_exiozm7,non,7,196,True
943,t1_exlxtk5,cant_tell,4,397,True
944,t1_exqcdsk,conspiracy,9,622,True
945,t1_exta6a0,non,8,227,True
946,t1_exto9ek,non,5,178,True
947,t1_exvv9vf,conspiracy,8,207,True
948,t1_ey1cjd2,cant_tell,5,205,True
949,t1_ey24zvr,conspiracy,9,298,True
950,t1_ey2s53w,non,3,178,True
951,t1_ey5lll2,conspiracy,12,214,True
952,t1_ey9r5p7,non,23,960,True
953,t1_eya796u,non,3,220,True
954,t1_eyeg17e,non,4,225,True
955,t1_eyelvev,conspiracy,4,655,True
956,t1_eygquor,cant_tell,3,324,True
957,t1_eyhkmkj,conspiracy,3,198,True
958,t1_eyhpcg2,non,6,169,True
959,t1_eyir0oi,cant_tell,3,207,True
960,t1_eylkz22,conspiracy,7,735,True
960,t1_eyllw4z,conspiracy,5,735,False
962,t1_eyogxio,conspiracy,6,242,True
963,t1_eyvcgjd,non,5,275,True
964,t1_eyxe2yx,conspiracy,10,747,True
965,t1_eyxyswq,conspiracy,7,203,True
966,t1_ez4re1h,non,3,180,True
967,t1_ez5khxn,non,9,429,True
968,t1_ez63m5r,non,2,470,True
969,t1_ez6pile,conspiracy,9,578,True
970,t1_ez8ecp5,non,15,345,True
971,t1_ez8owhh,cant_tell,4,475,True
972,t1_ez8w5at,conspiracy,7,378,True
973,t1_ez9y15i,conspiracy,8,256,True
974,t1_ezalvez,non,0,176,True
974,t1_ezaowcf,conspiracy,3,176,False
976,t1_ezbird4,conspiracy,6,525,True
977,t1_ezf3pqa,conspiracy,7,495,True
977,t1_ezf3mf3,non,0,495,False
977,t1_ezf5dyk,conspiracy,4,495,False
980,t1_ezgjbzb,conspiracy,9,657,True
981,t1_ezicc6z,conspiracy,6,430,True
981,t1_eziajen,conspiracy,4,430,False
983,t1_ezjtqhr,non,4,208,True
984,t1_ezklioc,non,0,753,True
985,t1_ezldrs8,non,6,169,True
986,t1_ezo6dy6,cant_tell,6,387,True
987,t1_ezpc6zp,conspiracy,6,188,True
988,t1_ezq71p1,non,5,235,True
989,t1_ezu00o0,cant_tell,4,301,True
989,t1_ezu2gtr,conspiracy,4,301,False
991,t1_ezvfwos,cant_tell,6,179,True
992,t1_ezyexrz,conspiracy,4,616,True
993,t1_f0218f3,non,1,379,True
994,t1_f09c3oc,non,5,183,True
995,t1_f0jypww,conspiracy,7,338,True
996,t1_f0kddf1,non,5,196,True
997,t1_f0n326t,non,10,926,True
998,t1_f0nkl9e,conspiracy,6,252,True
999,t1_f0p1o62,non,0,607,True
1000,t1_f0qna2o,non,6,328,True
1001,t1_f0svg0c,non,3,204,True
1002,t1_f0z90m4,cant_tell,3,394,True
1003,t1_f150p3r,conspiracy,4,335,True
1004,t1_f15yxil,cant_tell,2,181,True
1005,t1_f17da3j,conspiracy,9,215,True
1006,t1_f17mla9,conspiracy,19,990,True
1007,t1_f1f19y9,non,5,458,True
1008,t1_f1hitvx,cant_tell,6,481,True
1009,t1_f1hmhs0,conspiracy,8,509,True
1010,t1_f1ht2tr,conspiracy,5,227,True
1011,t1_f1hu9ni,non,0,588,True
1012,t1_f1i278c,non,0,580,True
1013,t1_f1p32j3,non,0,398,True
1014,t1_f1vhax5,conspiracy,5,224,True
1015,t1_f1w8qi9,non,0,238,True
1016,t1_f1wppwm,non,0,867,True
1017,t1_f21b6dm,non,3,173,True
1018,t1_f2bgm09,non,8,205,True
1019,t1_f2gddv5,cant_tell,3,191,True
1020,t1_f2ggdwc,cant_tell,3,278,True
1021,t1_f2mnqrq,cant_tell,3,417,True
1022,t1_f2ozspc,conspiracy,4,371,True
1022,t1_f2p0ooz,non,4,371,False
1024,t1_f2q5omz,conspiracy,7,692,True
1025,t1_f2u9ls0,non,4,255,True
1026,t1_f306zke,conspiracy,5,224,True
1027,t1_f3118lb,cant_tell,3,215,True
1028,t1_f32c3rv,conspiracy,4,348,True
1029,t1_f32w1m5,non,0,213,True
1030,t1_f33xdmc,non,18,530,True
1031,t1_f35q1dv,non,11,677,True
1032,t1_f36bpgp,cant_tell,3,754,True
1033,t1_f3cypbj,non,11,629,True
1034,t1_f3h7vq0,non,3,273,True
1035,t1_f3o5wd5,cant_tell,0,186,True
1036,t1_f3oksw3,conspiracy,3,217,True
1037,t1_f3otibj,non,5,405,True
1038,t1_f3p69fd,cant_tell,1,576,True
1039,t1_f3qr25q,conspiracy,3,202,True
1040,t1_f3tyaab,non,0,698,True
1041,t1_f3uqdls,cant_tell,3,377,True
1042,t1_f3w9vsy,non,2,358,True
1043,t1_f3xwhyd,non,0,416,True
1044,t1_f3y9jqa,non,4,280,True
1045,t1_f3zdnhe,conspiracy,8,173,True
1046,t1_f41vcrw,conspiracy,2,579,True
1047,t1_f46r0ke,conspiracy,12,504,True
1048,t1_f48dbz9,non,0,168,True
1049,t1_f49k0yo,non,6,354,True
1050,t1_f4i3b9p,non,2,375,True
1051,t1_f4k1n4y,non,5,654,True
1052,t1_f4o03ka,non,6,367,True
1053,t1_f4qciha,cant_tell,4,585,True
1054,t1_f4s1k76,conspiracy,9,927,True
1055,t1_f4wdbvk,non,11,244,True
1056,t1_f4yf6qc,conspiracy,10,345,True
1057,t1_f52qybe,conspiracy,2,537,True
1058,t1_f5dvkky,conspiracy,6,266,True
1059,t1_f5fifnj,non,3,227,True
1060,t1_f5grbx3,non,0,218,True
1061,t1_f5gwocd,conspiracy,7,383,True
1062,t1_f5jjewk,non,0,173,True
1063,t1_f5lbv48,cant_tell,0,574,True
1064,t1_f5p4ff9,non,3,466,True
1065,t1_f5pu9wg,non,5,377,True
1066,t1_f5q9f7e,cant_tell,5,470,True
1067,t1_f5qp1ad,non,6,500,True
1068,t1_f5rmti5,conspiracy,5,343,True
1069,t1_f5rtqj5,conspiracy,8,238,True
1070,t1_f5ug1nd,non,4,280,True
1071,t1_f5uzmqh,cant_tell,2,521,True
1072,t1_f5x3kqq,conspiracy,4,266,True
1073,t1_f5zfl65,conspiracy,5,396,True
1074,t1_f60l2vj,non,6,632,True
1075,t1_f698jqa,non,1,247,True
1076,t1_f6l2mu8,cant_tell,5,169,True
1077,t1_f6n29jd,non,6,202,True
1078,t1_f6p2ig0,non,5,220,True
1079,t1_f6p3ul1,conspiracy,9,429,True
1080,t1_f6p3vx1,conspiracy,5,283,True
1081,t1_f6ppndm,non,5,433,True
1082,t1_f6suzsh,conspiracy,5,357,True
1083,t1_f6t85gx,conspiracy,12,812,True
1084,t1_f6te6z0,conspiracy,6,289,True
1085,t1_f6v6ws7,conspiracy,6,420,True
1086,t1_f6xoluu,non,8,311,True
1087,t1_f76erur,conspiracy,9,405,True
1088,t1_f76px00,non,4,264,True
1089,t1_f77ubvp,conspiracy,5,215,True
1090,t1_f78bbnt,conspiracy,6,354,True
1091,t1_f7avfmg,non,5,502,True
1092,t1_f7azevv,non,2,278,True
1093,t1_f7bf4b1,non,0,962,True
1094,t1_f7bzvwr,conspiracy,5,404,True
1095,t1_f7e7hib,conspiracy,11,352,True
1096,t1_f7eeq9z,cant_tell,10,728,True
1097,t1_f7ejtay,cant_tell,4,224,True
1098,t1_f7elmp1,non,3,164,True
1099,t1_f7evkom,conspiracy,7,146,True
1100,t1_f7fz7kg,conspiracy,14,651,True
1101,t1_f7hgu94,cant_tell,7,448,True
1102,t1_f7ju17o,conspiracy,5,193,True
1103,t1_f7mhfqg,non,4,169,True
1104,t1_f7pnew3,cant_tell,6,221,True
1105,t1_f7qr3wp,non,3,199,True
1106,t1_f7qtt0m,non,9,203,True
1107,t1_f7uwmxo,non,5,671,True
1108,t1_f7xdoof,non,0,375,True
1109,t1_f7zaqai,non,5,343,True
1110,t1_f7zjbj2,non,0,241,True
1111,t1_f822hul,non,4,185,True
1112,t1_f82g0y5,non,0,301,True
1113,t1_f84e0v4,conspiracy,7,291,True
1114,t1_f88zppf,conspiracy,5,433,True
1115,t1_f8ab8h3,conspiracy,6,258,True
1116,t1_f8abql2,conspiracy,6,259,True
1117,t1_f8bkb06,non,5,983,True
1118,t1_f8ddjqo,conspiracy,9,222,True
1119,t1_f8dfqmz,conspiracy,9,747,True
1120,t1_f8dn3sw,conspiracy,4,980,True
1121,t1_f8du8u6,conspiracy,6,264,True
1122,t1_f8e75di,non,4,1185,True
1123,t1_f8fvvst,non,17,551,True
1124,t1_f8gzw4g,conspiracy,4,215,True
1125,t1_f8ny68y,conspiracy,3,259,True
1126,t1_f8pkzec,cant_tell,3,376,True
1127,t1_f8pldfo,non,3,534,True
1128,t1_f8qwsad,non,5,217,True
1129,t1_f8rl2k6,non,0,216,True
1130,t1_f8t6on2,non,0,502,True
1131,t1_f8t8fdt,conspiracy,7,244,True
1132,t1_f8wj0yc,non,8,283,True
1133,t1_f91clcn,conspiracy,9,290,True
1134,t1_f94mp11,conspiracy,5,174,True
1135,t1_f94r7wb,cant_tell,6,312,True
1136,t1_f95vb9l,cant_tell,8,368,True
1137,t1_f9b2zh8,conspiracy,6,263,True
1138,t1_f9ewl9c,conspiracy,4,229,True
1139,t1_f9fbjxh,non,4,264,True
1140,t1_f9gvfje,conspiracy,4,222,True
1141,t1_f9kl989,conspiracy,6,404,True
1142,t1_f9o2n2f,non,4,210,True
1143,t1_f9sl6jt,conspiracy,2,186,True
1144,t1_f9tnhjj,cant_tell,0,309,True
1145,t1_f9vl57l,cant_tell,0,347,True
1146,t1_f9zhsi0,non,2,269,True
1147,t1_f9zkbk5,cant_tell,4,229,True
1148,t1_fa0er9k,non,5,172,True
1149,t1_fa9gdrb,non,6,230,True
1150,t1_fab0qyq,cant_tell,0,240,True
1151,t1_fae60ew,conspiracy,5,231,True
1152,t1_faejhk5,cant_tell,5,247,True
1153,t1_fafmsv2,conspiracy,0,855,True
1154,t1_fag0j3m,cant_tell,6,561,True
1155,t1_fagzc1e,conspiracy,12,713,True
1156,t1_fah6rch,conspiracy,11,195,True
1157,t1_fai2xjd,conspiracy,6,203,True
1158,t1_fajd5sf,cant_tell,5,3958,True
1159,t1_fajf7bn,conspiracy,10,163,True
1160,t1_fal11fh,conspiracy,6,479,True
1161,t1_famrhlz,conspiracy,8,177,True
1162,t1_faoc1lh,non,8,236,True
1163,t1_fasnjg2,conspiracy,14,283,True
1164,t1_fax8y0n,non,8,344,True
1165,t1_fb1hfiu,conspiracy,11,371,True
1166,t1_fb689r5,non,12,789,True
1167,t1_fb6ec4m,non,8,214,True
1168,t1_fb824gi,conspiracy,5,176,True
1169,t1_fbd2ekd,non,8,233,True
1170,t1_fbdy1vi,cant_tell,13,671,True
1171,t1_fbfxw74,conspiracy,3,1020,True
1172,t1_fbg1di2,non,17,868,True
1173,t1_fbgtwb5,non,0,701,True
1174,t1_fbh388o,cant_tell,4,190,True
1175,t1_fbi2sac,conspiracy,5,177,True
1176,t1_fbks8mb,cant_tell,0,406,True
1177,t1_fbmzdg4,non,6,169,True
1178,t1_fbtntoi,conspiracy,7,268,True
1179,t1_fbvjw16,conspiracy,7,508,True
1180,t1_fc02m1f,non,0,670,True
1181,t1_fc4m35f,conspiracy,3,242,True
1182,t1_fc71da5,non,4,162,True
1183,t1_fc9j4j1,conspiracy,7,357,True
1184,t1_fcqqn7h,conspiracy,5,216,True
1185,t1_fcr6ets,non,0,211,True
1186,t1_fcut805,conspiracy,5,410,True
1187,t1_fcv2or9,non,0,491,True
1188,t1_fcwp2kr,cant_tell,1,234,True
1189,t1_fd6bp9h,conspiracy,10,234,True
1190,t1_fd6xjg2,conspiracy,2,221,True
1190,t1_fd6xmaj,cant_tell,0,221,False
1192,t1_fdabkto,non,6,619,True
1193,t1_fdeipbs,non,0,290,True
1194,t1_fdhc0dy,conspiracy,4,243,True
1195,t1_fdim3ht,conspiracy,5,237,True
1196,t1_fdlf58l,conspiracy,7,205,True
1197,t1_fdlt3z6,conspiracy,8,556,True
1198,t1_fdmqcgq,cant_tell,6,529,True
1199,t1_fdo749a,non,9,443,True
1200,t1_fdozq1x,non,0,186,True
1201,t1_fdp1fg9,non,2,269,True
1202,t1_fdq3zps,conspiracy,5,382,True
1203,t1_fdt05co,conspiracy,3,173,True
1204,t1_fe1g8qr,conspiracy,7,345,True
1205,t1_fe2zute,non,1,902,True
1206,t1_fe5qry9,cant_tell,2,926,True
1207,t1_fe5xa6k,cant_tell,3,516,True
1208,t1_fe5zdhc,conspiracy,5,289,True
1209,t1_feazt7x,conspiracy,6,203,True
1210,t1_febk1y6,cant_tell,0,253,True
1213,t1_fees8h5,non,3,648,True
1214,t1_fegai80,non,6,225,True
1214,t1_fegajpj,cant_tell,2,225,False
1216,t1_feikhag,conspiracy,5,222,True
1217,t1_feka8b4,non,6,180,True
1218,t1_feknz16,conspiracy,6,225,True
1219,t1_fenuais,conspiracy,8,761,True
1220,t1_feywp3e,non,9,174,True
1221,t1_ff0qevp,cant_tell,8,248,True
1222,t1_ff6n7ag,conspiracy,7,363,True
1223,t1_ff7b6c3,non,0,213,True
1224,t1_ff99o9f,conspiracy,12,931,True
1225,t1_ffaj0yv,cant_tell,1,316,True
1226,t1_ffclziw,non,1,461,True
1227,t1_fffe0gl,non,2,201,True
1228,t1_ffurfu0,conspiracy,9,268,True
1229,t1_ffvb5pr,conspiracy,7,314,True
1230,t1_ffxu798,non,3,374,True
1231,t1_ffzsmk1,cant_tell,5,227,True
1232,t1_fg34xpj,conspiracy,3,361,True
1233,t1_fgbnl96,conspiracy,8,355,True
1234,t1_fgezaei,non,4,486,True
1235,t1_fggkf08,non,15,573,True
1236,t1_fgmtqhl,conspiracy,15,163,True
1237,t1_fgrw5nt,non,8,489,True
1238,t1_fi21xdt,non,0,214,True
1239,t1_fi8qz7n,conspiracy,6,737,True
1240,t1_figaaqf,cant_tell,0,578,True
1241,t1_fikkwb1,non,7,842,True
1242,t1_fj010mi,cant_tell,2,205,True
1243,t1_fj1cioj,non,0,546,True
1244,t1_fj4wjxh,non,0,222,True
1245,t1_fja8byl,cant_tell,4,256,True
1246,t1_fjm07ou,conspiracy,16,853,True
1247,t1_fjtrkun,conspiracy,11,564,True
1248,t1_fk1uyfa,conspiracy,3,192,True
1249,t1_fkasum1,conspiracy,9,411,True
1250,t1_fkc2fl3,conspiracy,10,755,True
1251,t1_fkd52kw,non,4,197,True
1252,t1_fkhd4w1,non,4,763,True
1252,t1_fkhdbl1,non,0,716,False
1254,t1_fkhspn4,cant_tell,6,952,True
1255,t1_fklk70k,conspiracy,5,301,True
1256,t1_fkrlwk8,conspiracy,0,333,True
1257,t1_fkt5ng2,non,4,507,True
1258,t1_fkyan4z,cant_tell,5,305,True
1259,t1_fl1r4a3,non,5,165,True
1260,t1_fl932o7,non,7,650,True
1261,t1_flcsmg9,conspiracy,8,406,True
1262,t1_flgsm9v,non,4,452,True
1263,t1_flgxmof,non,4,505,True
1264,t1_fliybvm,conspiracy,4,246,True
1265,t1_fljzt9i,non,4,775,True
1266,t1_floiprs,non,5,348,True
1267,t1_flpysik,conspiracy,8,318,True
1268,t1_fm0n822,non,0,512,True
1269,t1_fm0vcj8,non,0,636,True
1270,t1_fm77oyh,non,0,259,True
1271,t1_fm81ueh,non,6,766,True
1272,t1_fmasfug,non,4,202,True
1273,t1_fmcunuq,non,0,480,True
1274,t1_fmfm4su,non,0,398,True
1275,t1_fmfqb04,non,5,186,True
1276,t1_fmh0fob,non,0,197,True
1277,t1_fmoovsx,non,12,908,True
1278,t1_fmslxpo,non,9,350,True
1279,t1_fn84ssf,non,0,595,True
1280,t1_fn90sjq,conspiracy,4,174,True
1281,t1_fnc9n35,conspiracy,4,263,True
1282,t1_fnd3fq0,conspiracy,14,567,True
1283,t1_fnea3zc,conspiracy,4,545,True
1284,t1_fnkauqo,cant_tell,2,199,True
1285,t1_fnkmrk6,non,0,469,True
1286,t1_fnp00sh,cant_tell,4,288,True
1287,t1_fnpdxah,cant_tell,3,190,True
1288,t1_fnprll4,non,5,248,True
1289,t1_fnua8i5,non,7,433,True
1290,t1_fnwt7z6,conspiracy,5,194,True
1290,t1_fnwtf78,cant_tell,5,194,False
1292,t1_fnzptkc,non,0,291,True
1293,t1_fo0a1ca,conspiracy,2,250,True
1294,t1_fo0rpjx,cant_tell,2,257,True
1294,t1_fo0rwub,cant_tell,0,257,False
1300,t1_fo5ioe5,conspiracy,6,169,True
1300,t1_fo5ij1z,cant_tell,0,169,False
1300,t1_fo5in41,conspiracy,5,169,False
1303,t1_fo5mkln,non,6,636,True
1304,t1_fo64zu2,non,9,323,True
1305,t1_fo65h4j,conspiracy,5,268,True
1306,t1_fo7nsed,conspiracy,4,262,True
1307,t1_foau5z3,conspiracy,14,332,True
1307,t1_foateet,conspiracy,9,332,False
1307,t1_foatffs,conspiracy,4,332,False
1307,t1_foatj40,conspiracy,8,332,False
1307,t1_foatypi,conspiracy,8,332,False
1312,t1_foc7ppu,conspiracy,7,965,True
1313,t1_focsyf4,conspiracy,12,548,True
1313,t1_focsvx5,conspiracy,9,548,False
1315,t1_foegint,cant_tell,3,967,True
1316,t1_fofxaml,non,7,248,True
1317,t1_fog84ez,conspiracy,4,732,True
1318,t1_fohe9tw,conspiracy,8,353,True
1319,t1_foisejb,conspiracy,5,252,True
1320,t1_fojx4yc,conspiracy,5,251,True
1321,t1_fomlxd6,cant_tell,4,594,True
1322,t1_foozu8o,non,3,630,True
1323,t1_fotbeh5,cant_tell,7,293,True
1323,t1_fotcryx,cant_tell,3,293,False
1325,t1_fox3t83,conspiracy,5,286,True
1326,t1_foybyho,non,5,231,True
1327,t1_fp4h3ej,non,3,395,True
1328,t1_fp6028h,non,5,517,True
1329,t1_fp8nde0,conspiracy,5,374,True
1330,t1_fp9mhw5,non,0,201,True
1331,t1_fpd6k6p,non,6,183,True
1332,t1_fpdnay0,non,10,466,True
1333,t1_fpkooow,cant_tell,0,194,True
1334,t1_fpnt9n4,conspiracy,5,739,True
1335,t1_fpr1afc,non,2,180,True
1336,t1_fprw5dw,conspiracy,5,576,True
1337,t1_fprwbmo,conspiracy,12,314,True
1338,t1_fpt23gw,non,0,211,True
1339,t1_fq3jd98,non,0,272,True
1340,t1_fq9b004,cant_tell,2,254,True
1341,t1_fqcjsnr,conspiracy,12,686,True
1342,t1_fqlefgu,cant_tell,6,249,True
1343,t1_fqlnaj3,cant_tell,3,241,True
1344,t1_fqwpjkz,non,5,611,True
1345,t1_fqz9ymk,non,0,220,True
1346,t1_fqzo4j8,non,5,353,True
1347,t1_fqzok7x,conspiracy,6,408,True
1348,t1_fr06d4w,non,7,264,True
1349,t1_fra4703,non,7,442,True
1350,t1_frcvsos,non,2,346,True
1351,t1_frea0zf,cant_tell,5,536,True
1351,t1_frearhu,non,4,536,False
1353,t1_frfd8jq,cant_tell,4,239,True
1354,t1_frheowo,non,5,192,True
1355,t1_frimgth,conspiracy,4,240,True
1356,t1_frm26a8,non,7,228,True
1357,t1_froim3v,non,3,350,True
1358,t1_frop3ul,conspiracy,5,535,True
1359,t1_frr1rwm,non,0,178,True
1360,t1_frzg3ff,non,2,402,True
1361,t1_fs05nuj,cant_tell,4,217,True
1362,t1_fs2qsva,conspiracy,5,425,True
1363,t1_fs8ojbh,non,12,436,True
1364,t1_fs99u6w,non,0,202,True
1365,t1_fss38xv,non,6,324,True
1366,t1_fssx3ha,non,0,265,True
1367,t1_fsxo0dp,conspiracy,5,189,True
1368,t1_ft02iga,non,7,639,True
1369,t1_ftbgw5p,cant_tell,8,344,True
1370,t1_fte5n6m,conspiracy,2,164,True
1371,t1_fte757n,non,7,250,True
1372,t1_ftewg90,non,7,226,True
1373,t1_fthhmax,conspiracy,3,287,True
1374,t1_ftp4pwf,non,3,358,True
1375,t1_fup2kn2,conspiracy,7,910,True
1376,t1_fupt4t6,conspiracy,14,643,True
1377,t1_fuu7o89,non,5,279,True
1378,t1_fv21p9l,non,1,315,True
1379,t1_fv369q4,conspiracy,4,196,True
1380,t1_fv3707r,conspiracy,3,287,True
1381,t1_fv495ye,cant_tell,4,261,True
1382,t1_fv7gvzm,cant_tell,6,280,True
1383,t1_fvedfcd,non,1,309,True
1384,t1_fvekdpj,non,2,213,True
1385,t1_fvk6d98,non,10,200,True
1386,t1_fvpox2v,conspiracy,5,308,True
1387,t1_fvqt3m8,non,4,180,True
1388,t1_fvvcpfe,non,6,408,True
1389,t1_fvvwmd7,conspiracy,9,727,True
1390,t1_fvwoux8,conspiracy,7,306,True
1391,t1_fvwrhht,cant_tell,0,383,True
1392,t1_fvy5ilb,non,3,890,True
1393,t1_fw8gonu,cant_tell,10,571,True
1394,t1_fwa4gqt,conspiracy,6,599,True
1395,t1_fwb1jq8,non,5,178,True
1396,t1_fwgy9zo,non,0,685,True
1397,t1_fwisv1v,conspiracy,7,383,True
1398,t1_fwoh6py,non,14,369,True
1399,t1_fwohu2c,non,4,415,True
1400,t1_fwv5eov,conspiracy,6,334,True
1400,t1_fwv5z36,non,0,334,False
1402,t1_fwzhhdl,non,0,219,True
1403,t1_fxgzjf4,non,0,497,True
1404,t1_fxi59ad,non,5,239,True
1405,t1_fxiyp0w,conspiracy,4,221,True
1406,t1_fxljrfy,non,3,342,True
1407,t1_fxlo8oq,conspiracy,12,625,True
1408,t1_fxtnk9m,non,10,505,True
1409,t1_fxubwiu,conspiracy,4,386,True
1410,t1_fxyglgx,non,3,198,True
1411,t1_fy3ymut,non,7,286,True
1412,t1_fy84d9p,conspiracy,4,459,True
1413,t1_fybr2l3,non,6,193,True
1414,t1_fyc2m0k,non,0,287,True
1415,t1_fyc7n4p,conspiracy,4,216,True
1416,t1_fyjpsbb,non,4,298,True
1417,t1_fyk95oc,non,2,284,True
1418,t1_fyq4fpl,cant_tell,5,369,True
1419,t1_fyqgpgd,non,4,241,True
1420,t1_fz1am3h,non,9,753,True
1421,t1_fz2nnut,non,4,559,True
1422,t1_fz31bwt,conspiracy,6,411,True
1423,t1_fz4d5af,non,8,242,True
1424,t1_fz5j53s,cant_tell,5,400,True
1425,t1_fz7t183,conspiracy,15,930,True
1426,t1_fzihes8,non,4,173,True
1427,t1_fzm18v6,non,3,183,True
1428,t1_fzo408e,cant_tell,6,202,True
1429,t1_fzp0p9m,conspiracy,17,928,True
1430,t1_fzvie0m,non,0,337,True
1431,t1_fzzs7c6,cant_tell,11,468,True
1432,t1_g00k78y,non,4,437,True
1433,t1_g056a36,non,4,173,True
1434,t1_g05yfv5,non,0,421,True
1435,t1_g074n2j,conspiracy,4,298,True
1436,t1_g0k0h04,non,2,425,True
1437,t1_g0m4ir4,non,3,211,True
1437,t1_g0mebla,non,0,211,False
1439,t1_g0oousw,conspiracy,6,317,True
1440,t1_g0pb1bn,non,3,375,True
1441,t1_g0pqejc,conspiracy,2,243,True
1442,t1_g0q20p0,non,6,218,True
1443,t1_g0zx9ud,conspiracy,6,500,True
1444,t1_g11lfhu,non,0,353,True
1445,t1_g15a92m,conspiracy,5,829,True
1446,t1_g18bny8,non,7,213,True
1447,t1_g6or79o,non,11,533,True
1447,t1_g1bnpt9,cant_tell,5,516,False
1447,t1_g6of9pt,cant_tell,0,528,False
1447,t1_g6opqrt,conspiracy,5,533,False
1447,t1_g6opweo,conspiracy,4,533,False
1448,t1_g1dxjc3,cant_tell,4,200,True
1449,t1_g1g904u,non,4,234,True
1450,t1_g1gtskh,non,1,292,True
1451,t1_g1ir19n,non,0,648,True
1452,t1_g1ky466,conspiracy,5,525,True
1453,t1_g1rff02,non,0,668,True
1454,t1_g23dhr4,non,0,836,True
1454,t1_g23dook,non,0,836,False
1456,t1_g28t387,conspiracy,14,634,True
1457,t1_g2c0e26,cant_tell,0,267,True
1458,t1_g2cefyi,non,3,210,True
1459,t1_g2kw636,non,0,473,True
1460,t1_g2xkt0z,conspiracy,5,240,True
1461,t1_g2ybjmq,non,2,254,True
1462,t1_g2zxe4a,conspiracy,6,558,True
1463,t1_g31deyc,non,7,1001,True
1464,t1_g36na53,non,6,208,True
1464,t1_g36n90z,non,5,208,False
1464,t1_g36ncu1,conspiracy,3,208,False
1467,t1_g37otor,conspiracy,7,340,True
1468,t1_g3gjzxu,non,8,372,True
1469,t1_g3kjdpy,conspiracy,5,304,True
1470,t1_g3kn0vu,conspiracy,4,249,True
1471,t1_g3ko9od,conspiracy,4,263,True
1471,t1_g3koa1r,conspiracy,4,263,False
1473,t1_g3r3dpt,non,12,384,True
1473,t1_g3qgulc,cant_tell,3,406,False
1474,t1_g3qutf6,cant_tell,3,438,True
1476,t1_g3rn5r2,cant_tell,11,297,True
1477,t1_g3sqeh2,conspiracy,4,179,True
1477,t1_g3sq3yh,conspiracy,3,179,False
1480,t1_g3wequq,non,18,657,True
1480,t1_g3w6y6w,conspiracy,10,616,False
1480,t1_g3w7xm9,conspiracy,7,657,False
1480,t1_g3wdnry,cant_tell,2,657,False
1480,t1_g3webly,non,5,657,False
1480,t1_g3wep6v,conspiracy,7,657,False
1485,t1_g3ylbke,non,0,165,True
1486,t1_g3zhiwj,non,0,521,True
1487,t1_g41pjf0,non,2,979,True
1488,t1_g42zunj,conspiracy,4,188,True
1489,t1_g45ol7o,non,10,422,True
1490,t1_g4807tk,cant_tell,5,362,True
1491,t1_g498f3s,non,7,969,True
1492,t1_g4am4y9,non,5,308,True
1492,t1_g4am6if,conspiracy,4,308,False
1494,t1_g4cka1q,non,30,842,True
1494,t1_g4ckcgs,cant_tell,12,842,False
1494,t1_g4d2mm3,non,13,842,False
1497,t1_g4dxixb,non,6,265,True
1498,t1_g4gn8jp,conspiracy,6,342,True
1499,t1_g4m6sza,conspiracy,5,234,True
1500,t1_g4pcbzj,non,6,731,True
1501,t1_g4r8lu0,non,5,251,True
1502,t1_g4rie2s,non,6,299,True
1503,t1_g4rrkh6,non,0,332,True
1504,t1_g4rvc89,non,6,209,True
1505,t1_g4tfdp0,non,5,680,True
1506,t1_g4w3kop,cant_tell,0,329,True
1507,t1_g53pgss,conspiracy,3,384,True
1508,t1_g55ubee,non,3,501,True
1509,t1_g56n3w6,conspiracy,4,366,True
1510,t1_g58vr4c,conspiracy,7,314,True
1511,t1_g5bgdrb,conspiracy,6,206,True
1512,t1_g5h55j5,conspiracy,5,585,True
1513,t1_g5h79kj,conspiracy,5,244,True
1514,t1_g5j3z0j,conspiracy,16,950,True
1515,t1_g5kqgws,conspiracy,4,401,True
1516,t1_g5l4pkb,conspiracy,7,235,True
1517,t1_g5tauf3,conspiracy,7,239,True
1518,t1_g67n06b,conspiracy,4,321,True
1519,t1_g67swpi,non,0,574,True
1520,t1_g68hk6c,cant_tell,2,190,True
1520,t1_g67vfcm,conspiracy,5,190,False
1520,t1_g68hmdg,cant_tell,2,190,False
1523,t1_g6btkwg,non,1,608,True
1524,t1_g6gi1h8,conspiracy,9,182,True
1525,t1_g6gskob,non,8,350,True
1530,t1_g6rmy9i,cant_tell,10,667,True
1531,t1_g6s1zrm,conspiracy,8,767,True
1532,t1_g6wz4w7,conspiracy,8,299,True
1533,t1_g6wzgf1,cant_tell,7,532,True
1534,t1_g75d9ew,cant_tell,2,373,True
1535,t1_g7c66qe,non,3,432,True
1536,t1_g7d3z1s,non,10,386,True
1537,t1_g7dp5dp,conspiracy,0,625,True
1538,t1_g7grva3,cant_tell,0,989,True
1539,t1_g7h9ia8,cant_tell,4,237,True
1540,t1_g7hbuhg,conspiracy,8,348,True
1541,t1_g7igje2,conspiracy,4,331,True
1542,t1_g7pbbcj,non,13,629,True
1543,t1_g7sd731,non,6,246,True
1544,t1_g7w2pu6,conspiracy,10,692,True
1545,t1_g83gl8d,cant_tell,0,178,True
1546,t1_g83huxi,cant_tell,5,390,True
1547,t1_g8432rk,conspiracy,10,450,True
1548,t1_g85z8sl,cant_tell,5,186,True
1549,t1_g8bot9y,conspiracy,11,787,True
1550,t1_g8iuabj,non,6,661,True
1551,t1_g8ixhoe,conspiracy,3,190,True
1552,t1_g8nwdtp,non,3,243,True
1553,t1_g8oq9dq,conspiracy,10,868,True
1554,t1_g8q6z1f,conspiracy,6,261,True
1555,t1_g8q7psj,conspiracy,10,396,True
1556,t1_g8wgqts,non,0,205,True
1557,t1_g9cyavj,non,5,361,True
1558,t1_g9ig1tf,cant_tell,4,323,True
1559,t1_g9j8n8k,conspiracy,6,931,True
1560,t1_g9mg19q,non,0,218,True
1561,t1_g9qat6j,conspiracy,5,263,True
1562,t1_g9t3m81,non,4,222,True
1563,t1_ga1ufgm,cant_tell,3,163,True
1564,t1_ga87avx,non,3,363,True
1565,t1_gaf0ucg,non,7,369,True
1565,t1_gagevhn,non,4,369,False
1567,t1_gaj6ww8,conspiracy,8,256,True
1568,t1_gan0868,conspiracy,3,214,True
1569,t1_gb06koo,conspiracy,10,457,True
1570,t1_gb0jiyd,non,0,376,True
1571,t1_gb9i1ne,conspiracy,8,289,True
1572,t1_gb9jml8,conspiracy,9,330,True
1573,t1_gbe2sc1,conspiracy,7,286,True
1574,t1_gbn26ya,non,6,167,True
1575,t1_gbo9rfp,non,8,660,True
1576,t1_gboo7yh,conspiracy,4,198,True
1577,t1_gbqt43d,non,0,215,True
1578,t1_gbsfufc,non,0,372,True
1579,t1_gbubl02,non,4,249,True
1580,t1_gbukho5,conspiracy,6,715,True
1581,t1_gbusmjf,conspiracy,3,225,True
1582,t1_gbx05sn,conspiracy,13,538,True
1583,t1_gbys40f,conspiracy,3,324,True
1584,t1_gc26su3,non,3,186,True
1585,t1_gc3hq51,non,5,540,True
1586,t1_gc8g0tz,cant_tell,5,188,True
1587,t1_gced6yl,non,0,809,True
1588,t1_gcga1cd,non,0,326,True
1589,t1_gcgt39z,cant_tell,1,548,True
1590,t1_gcib42a,non,0,466,True
1591,t1_gcko7pq,non,0,377,True
1592,t1_gcmg97l,non,0,189,True
1593,t1_gcn8bwa,non,0,182,True
1594,t1_gcqjde6,conspiracy,6,832,True
1595,t1_gcqpisj,cant_tell,0,319,True
1595,t1_gcqqfut,cant_tell,0,319,False
1597,t1_gcr5di2,cant_tell,3,182,True
1598,t1_gcvdbo9,conspiracy,6,238,True
1599,t1_gd32gnh,conspiracy,5,344,True
1600,t1_gd37obs,conspiracy,4,343,True
1600,t1_gd3a1im,non,0,343,False
1602,t1_gd3ir0j,conspiracy,5,212,True
1603,t1_gd72iut,cant_tell,6,479,True
1604,t1_gd8cryt,conspiracy,6,194,True
1604,t1_gd8cvpw,non,3,194,False
1605,t1_gd8csxv,conspiracy,5,257,True
1607,t1_gd9z3wr,conspiracy,4,221,True
1608,t1_gdb0ixa,non,7,173,True
1609,t1_gdckh2h,non,0,332,True
1610,t1_gdk8bc4,non,13,787,True
1611,t1_gdm8c9x,conspiracy,4,170,True
1612,t1_gdrrqap,conspiracy,8,407,True
1613,t1_gdspq6i,non,2,342,True
1614,t1_gdwhsjp,non,5,763,True
1615,t1_ge2fugq,non,0,245,True
1616,t1_ge4wg4n,cant_tell,6,318,True
1617,t1_geasb34,conspiracy,2,171,True
1618,t1_geb8hpf,conspiracy,3,348,True
1619,t1_ged5j24,conspiracy,7,480,True
1620,t1_geex7jn,conspiracy,6,339,True
1621,t1_gegbt4u,conspiracy,6,331,True
1622,t1_gei4yi9,cant_tell,4,194,True
1623,t1_gei6ev1,conspiracy,15,944,True
1624,t1_gejcstt,non,0,198,True
1625,t1_gekp8sd,non,6,824,True
1626,t1_geneqwv,cant_tell,0,338,True
1627,t1_geohdws,non,8,247,True
1628,t1_gevyv05,non,1,345,True
1629,t1_gezfcxd,conspiracy,14,468,True
1630,t1_gf01cpk,conspiracy,7,254,True
1631,t1_gf6x2th,non,0,331,True
1632,t1_gf7ah4n,conspiracy,3,211,True
1633,t1_gf7cn6c,conspiracy,5,459,True
1634,t1_gfblk4x,conspiracy,7,448,True
1635,t1_gffegod,cant_tell,6,332,True
1636,t1_gfnj6eo,cant_tell,4,318,True
1636,t1_gfnleie,non,3,318,False
1638,t1_gftgf7k,conspiracy,5,185,True
1639,t1_gfwz4mi,non,1,513,True
1640,t1_gfy7o8r,conspiracy,3,256,True
1641,t1_gg15cpi,conspiracy,8,433,True
1642,t1_gg1xctq,conspiracy,4,278,True
1643,t1_gg2tyhl,cant_tell,0,527,True
1644,t1_gg2x8e5,conspiracy,4,491,True
1645,t1_gg56ogs,non,5,203,True
1646,t1_gg5vpo2,conspiracy,6,280,True
1647,t1_gg5z5dm,conspiracy,3,286,True
1648,t1_ggf2h4j,conspiracy,9,428,True
1649,t1_ggfa943,non,4,178,True
1650,t1_ggiudmc,conspiracy,5,405,True
1651,t1_ggkf63c,conspiracy,15,661,True
1652,t1_ggrwrg7,non,5,536,True
1653,t1_ggs1834,conspiracy,5,171,True
1654,t1_ggxungy,cant_tell,9,378,True
1654,t1_ggxv2da,cant_tell,0,378,False
1656,t1_ggyqnid,non,13,389,True
1657,t1_gh3j0er,cant_tell,0,225,True
1658,t1_gh7c2g8,conspiracy,7,515,True
1659,t1_gh89a1x,cant_tell,0,371,True
1660,t1_ghav9cv,non,0,224,True
1661,t1_ghbm81l,conspiracy,6,280,True
1662,t1_ghu5art,conspiracy,8,501,True
1663,t1_ghvaxat,non,7,423,True
1664,t1_ghx9iix,non,5,675,True
1665,t1_gi59e36,conspiracy,5,340,True
1666,t1_gi5epn1,conspiracy,5,355,True
1667,t1_gibvp8y,conspiracy,7,423,True
1668,t1_gigzkum,cant_tell,4,561,True
1669,t1_gih48uq,non,0,515,True
1670,t1_gik8tpd,non,10,272,True
1671,t1_gikr5s8,non,0,268,True
1672,t1_gimrykx,conspiracy,3,170,True
1673,t1_girn761,non,0,692,True
1674,t1_girxjtx,non,5,591,True
1674,t1_girxmb4,conspiracy,4,591,False
1676,t1_gisxy30,non,9,330,True
1677,t1_givys64,non,8,461,True
1678,t1_gj26k66,cant_tell,4,513,True
1679,t1_gj5dzhj,non,3,358,True
1680,t1_gj969dh,cant_tell,4,179,True
1681,t1_gjaos23,conspiracy,3,431,True
1682,t1_gjarv7f,non,0,629,True
1683,t1_gnhqwh5,conspiracy,5,260,True
1683,t1_gjd5l3o,non,5,260,False
1683,t1_gnhr7ae,conspiracy,4,260,False
1684,t1_gjeemd8,conspiracy,6,387,True
1685,t1_gjgo1zb,conspiracy,6,385,True
1686,t1_gjjcazf,non,12,514,True
1687,t1_gjkwzr3,conspiracy,6,585,True
1688,t1_gjn25g8,non,3,333,True
1689,t1_gjuqlcb,non,1,215,True
1690,t1_gjusp8f,conspiracy,8,434,True
1690,t1_gjus4uo,cant_tell,0,434,False
1690,t1_gjusi7r,non,7,434,False
1693,t1_gjvzibv,cant_tell,3,335,True
1694,t1_gjw2woq,cant_tell,0,360,True
1695,t1_gk0n303,conspiracy,6,326,True
1696,t1_gk0wp82,cant_tell,5,279,True
1697,t1_gk327dk,conspiracy,9,725,True
1698,t1_gk3qc42,non,0,215,True
1699,t1_gk3tiht,non,8,664,True
1700,t1_gk43ied,conspiracy,12,557,True
1701,t1_gk52mrr,non,3,197,True
1702,t1_gk770a9,conspiracy,8,570,True
1703,t1_gk99ztm,non,14,321,True
1704,t1_gkgqlji,non,10,552,True
1705,t1_gklwo1a,conspiracy,10,700,True
1706,t1_gkqa4yf,conspiracy,5,585,True
1707,t1_gkt8j15,conspiracy,6,224,True
1708,t1_gkticp9,conspiracy,7,845,True
1709,t1_gkxith8,non,7,692,True
1710,t1_gkxxoay,conspiracy,5,241,True
1711,t1_gkz3cf9,cant_tell,3,234,True
1712,t1_gkzkp8m,conspiracy,8,709,True
1712,t1_gkzii57,non,3,708,False
1714,t1_gl1ivp8,cant_tell,4,261,True
1715,t1_gl44zio,conspiracy,4,801,True
1716,t1_gl5eryc,cant_tell,6,197,True
1717,t1_gl7nx9t,non,5,339,True
1718,t1_glbv7kn,conspiracy,1,164,True
1719,t1_glbzvgn,cant_tell,5,190,True
1720,t1_glczc7c,non,0,950,True
1721,t1_gld9uob,conspiracy,10,325,True
1722,t1_gldgtxl,cant_tell,11,287,True
1723,t1_glehu5u,non,0,182,True
1724,t1_glg7izv,non,1,483,True
1725,t1_glle6xm,conspiracy,5,650,True
1726,t1_glpx2fm,conspiracy,5,270,True
1727,t1_glrxz2u,cant_tell,6,598,True
1728,t1_glsosku,non,5,269,True
1729,t1_glu1ikf,conspiracy,2,383,True
1730,t1_glvs2h2,conspiracy,27,807,True
1731,t1_gm0aow5,non,6,556,True
1732,t1_gm3ly35,conspiracy,5,189,True
1733,t1_gmlp2yb,non,3,190,True
1734,t1_gmn5453,non,0,184,True
1735,t1_gmpumnz,conspiracy,10,560,True
1735,t1_gmpv419,conspiracy,8,560,False
1737,t1_gmq4b61,cant_tell,3,203,True
1738,t1_gmr24ws,conspiracy,4,164,True
1739,t1_gmyjkhz,conspiracy,7,639,True
1740,t1_gmz4r5q,cant_tell,0,360,True
1741,t1_gn3xrj4,non,4,772,True
1742,t1_gn43hmb,non,1,775,True
1743,t1_gn4a9my,non,7,835,True
1744,t1_gn8mlhg,non,5,280,True
1745,t1_gncdmbt,non,7,907,True
1746,t1_gnceete,non,18,677,True
1747,t1_gncesez,non,3,221,True
1748,t1_gncjyqa,cant_tell,8,575,True
1749,t1_gnckzih,non,0,432,True
1750,t1_gnd538h,non,4,745,True
1751,t1_gnd641q,non,4,544,True
1752,t1_gnd6gz9,non,1,307,True
1753,t1_gng5rq1,non,5,377,True
1754,t1_gngtyol,cant_tell,9,463,True
1755,t1_gngvhgm,non,10,661,True
1756,t1_gnhljqj,non,4,822,True
1759,t1_gnlf1w7,non,5,646,True
1760,t1_gnlp8b9,non,2,425,True
1761,t1_gnlpnji,non,5,217,True
1762,t1_gnlufq0,non,7,602,True
1763,t1_gnpwbhb,non,0,286,True
1764,t1_gnpyxlx,non,4,528,True
1765,t1_gnpz4i9,conspiracy,12,644,True
1766,t1_gnq55t9,non,4,546,True
1767,t1_gnq5dca,cant_tell,5,720,True
1768,t1_gnq5t25,non,0,417,True
1769,t1_gnqb3pm,conspiracy,4,462,True
1770,t1_gnql7x6,non,0,694,True
1771,t1_gnqrcge,cant_tell,5,390,True
1772,t1_gnqrmjp,cant_tell,11,800,True
1773,t1_gnqw62w,conspiracy,4,537,True
1774,t1_gnqwjgt,non,14,632,True
1774,t1_gny0jbj,non,0,632,False
1775,t1_gnqx5wt,cant_tell,5,542,True
1775,t1_gny1lfx,non,6,542,False
1776,t1_gnr35ii,non,1,210,True
1777,t1_gnssiy8,non,0,858,True
1779,t1_gny16id,non,4,559,True
1781,t1_gny21qm,non,4,383,True
1782,t1_gny2q5a,non,18,990,True
1783,t1_gny4zi7,non,6,305,True
1784,t1_gny616d,conspiracy,6,592,True
1785,t1_gny9w6i,non,0,534,True
1786,t1_gnz2jyc,cant_tell,3,603,True
1787,t1_gnzeau1,non,5,643,True
1788,t1_go0rps8,cant_tell,3,185,True
1789,t1_go1g852,cant_tell,6,612,True
1790,t1_go1vbvi,non,0,350,True
1791,t1_go71git,non,0,177,True
1792,t1_go8j48a,cant_tell,16,403,True
1793,t1_go8x1ow,conspiracy,5,473,True
1794,t1_go91bgg,non,5,179,True
1795,t1_goek6a6,conspiracy,10,914,True
1796,t1_gogs1rc,cant_tell,7,192,True
1797,t1_goh57nz,conspiracy,5,520,True
1798,t1_gojbzbr,conspiracy,2,211,True
1799,t1_golnx6v,conspiracy,6,963,True
1800,t1_gomzx4e,non,7,541,True
1801,t1_gouvjao,cant_tell,4,382,True
1802,t1_gp2n00d,non,4,255,True
1803,t1_gp3kyz5,non,0,840,True
1804,t1_gpf0ghz,non,10,696,True
1805,t1_gpq6pey,non,0,332,True
1806,t1_gpq8eyl,conspiracy,4,251,True
1807,t1_gq203ox,conspiracy,6,392,True
1807,t1_gpq935v,conspiracy,3,359,False
1807,t1_gq1z3al,conspiracy,5,359,False
1808,t1_gpsm49h,conspiracy,9,660,True
1809,t1_gptvybx,conspiracy,8,301,True
1810,t1_gptx4bd,cant_tell,2,696,True
1813,t1_gq4m4c7,non,0,369,True
1814,t1_gq5mf1h,conspiracy,6,548,True
1815,t1_gq5yx4q,cant_tell,2,431,True
1816,t1_gqgph45,non,5,245,True
1817,t1_gqor6z4,non,7,793,True
1818,t1_gqthlr2,cant_tell,3,545,True
1819,t1_gqurlxb,conspiracy,5,168,True
1820,t1_gqvpjzf,conspiracy,7,259,True
1821,t1_gqxrx4v,non,2,509,True
1822,t1_gqyi5cr,non,5,248,True
1823,t1_gqyt65v,non,2,447,True
1824,t1_gqzmgnv,non,3,353,True
1825,t1_gr0va2e,non,16,667,True
1826,t1_gr12phj,cant_tell,2,699,True
1827,t1_gr8gaov,non,9,828,True
1828,t1_gr8vb8v,non,6,646,True
1829,t1_gr95xon,non,0,166,True
1830,t1_gra2ss8,conspiracy,4,192,True
1831,t1_gra4zs8,non,2,575,True
1832,t1_grdh47x,non,8,281,True
1833,t1_gri5mvq,cant_tell,2,311,True
1834,t1_griq3xy,non,3,201,True
1835,t1_griwea8,non,4,307,True
1836,t1_grjaz1w,conspiracy,4,961,True
1836,t1_grjb2th,non,3,961,False
1838,t1_grl28v1,conspiracy,4,365,True
1839,t1_gru65a8,non,9,716,True
1840,t1_gru6jor,non,7,705,True
1841,t1_gru6wpa,non,4,570,True
1842,t1_grudkaw,non,15,816,True
1843,t1_grue5im,non,8,846,True
1844,t1_grujzu3,conspiracy,6,639,True
1845,t1_grukyb1,cant_tell,4,803,True
1846,t1_gruwcg4,cant_tell,4,226,True
1847,t1_grux0lh,non,5,538,True
1848,t1_grv8nh7,non,12,658,True
1849,t1_grvjyj7,non,6,373,True
1850,t1_grw98oe,non,0,171,True
1851,t1_grzeb38,non,5,566,True
1852,t1_grzen4v,cant_tell,2,885,True
1853,t1_grzfge0,non,10,803,True
1854,t1_grzjsoy,conspiracy,4,311,True
1855,t1_grzkwj5,non,5,931,True
1856,t1_gs2ew31,non,4,351,True
1857,t1_gs30rpj,non,2,183,True
1858,t1_gs31a3v,non,0,604,True
1859,t1_gs37rdx,cant_tell,7,635,True
1860,t1_gs4245j,non,24,807,True
1861,t1_gs46wy7,conspiracy,13,951,True
1862,t1_gs4s5c0,non,7,468,True
1863,t1_gs51ada,conspiracy,3,584,True
1864,t1_gs55cnq,cant_tell,8,582,True
1865,t1_gs5dysi,non,11,931,True
1866,t1_gs5e91z,non,0,526,True
1867,t1_gs5eff1,non,0,472,True
1868,t1_gs5q57j,non,4,181,True
1869,t1_gs7tgq9,non,9,675,True
1870,t1_gs8wgm8,conspiracy,3,546,True
1871,t1_gsbfmpv,cant_tell,3,176,True
1872,t1_gsc4lb1,non,4,487,True
1873,t1_gscbh2b,non,0,445,True
1874,t1_gscdclq,conspiracy,6,196,True
1875,t1_gsdejed,non,5,686,True
1876,t1_gsdgupf,conspiracy,9,890,True
1877,t1_gsdv5mo,non,0,655,True
1878,t1_gsdwbbj,non,25,968,True
1879,t1_gse6iar,conspiracy,15,791,True
1880,t1_gse7zpq,non,0,415,True
1881,t1_gse8juk,cant_tell,4,299,True
1882,t1_gshqbl4,conspiracy,5,838,True
1883,t1_gsieouv,non,10,566,True
1884,t1_gsigr7k,non,4,336,True
1885,t1_gsih0dt,conspiracy,4,330,True
1886,t1_gsihpsd,non,10,650,True
1887,t1_gsj4uzx,conspiracy,5,199,True
1888,t1_gsjh3ub,non,18,670,True
1889,t1_gsjiq4i,non,0,793,True
1890,t1_gsk02yd,non,7,337,True
1891,t1_gsk0iw2,non,6,705,True
1892,t1_gsk17c6,non,15,841,True
1893,t1_gsk32qb,non,6,615,True
1894,t1_gst1qkw,non,7,470,True
1895,t1_gsyp68f,non,0,267,True
1896,t1_gsypms1,non,4,797,True
1897,t1_gsywhss,cant_tell,5,216,True
1898,t1_gsyxdg2,non,18,939,True
1899,t1_gszeo44,non,11,962,True
1900,t1_gt0602z,cant_tell,7,670,True
1901,t1_gt2hqjo,non,4,635,True
1902,t1_gt2ixvs,cant_tell,7,727,True
1903,t1_gt2seyp,non,4,803,True
1904,t1_gt2sxuq,non,19,536,True
1905,t1_gt2u7an,non,7,829,True
1906,t1_gt38agz,cant_tell,3,254,True
1907,t1_gt38mql,non,4,207,True
1908,t1_gt3fd2a,non,8,690,True
1909,t1_gt3fih1,cant_tell,9,531,True
1910,t1_gt3fp2x,non,0,343,True
1911,t1_gt3fxpx,non,0,846,True
1912,t1_gt3nk2t,cant_tell,0,663,True
1913,t1_gt3obj1,non,5,994,True
1914,t1_gt3or1l,non,4,554,True
1915,t1_gt3q6lb,conspiracy,9,659,True
1916,t1_gt3st0c,cant_tell,9,801,True
1917,t1_gt5j6j5,cant_tell,10,924,True
1918,t1_gt65znd,non,6,971,True
1919,t1_gt6dvdh,non,9,355,True
1920,t1_gt6q27h,non,1,937,True
1921,t1_gt74bfj,non,5,403,True
1922,t1_gt74hev,conspiracy,6,989,True
1923,t1_gt756te,conspiracy,7,958,True
1924,t1_gt75e6t,non,12,750,True
1925,t1_gt7giae,cant_tell,5,490,True
1926,t1_gt7hdko,conspiracy,6,448,True
1927,t1_gt7tsr9,conspiracy,5,834,True
1928,t1_gtac1ez,non,5,700,True
1929,t1_gtader8,cant_tell,2,954,True
1930,t1_gtayyve,non,0,336,True
1931,t1_gtaz80l,non,8,918,True
1932,t1_gtb8z1h,conspiracy,1,359,True
1933,t1_gtbad6q,non,6,669,True
1934,t1_gtbhy8i,non,1,991,True
1935,t1_gtbm237,non,7,271,True
1936,t1_gtbn8yr,non,7,299,True
1937,t1_gtdbqqz,conspiracy,1,560,True
1938,t1_gtdk2uk,non,9,933,True
1939,t1_gte7ag3,non,0,512,True
1940,t1_gte8bhk,non,3,721,True
1941,t1_gte95yx,non,6,706,True
1942,t1_gteuknx,cant_tell,3,450,True
1943,t1_gtevc29,non,4,966,True
1944,t1_gtf9yun,non,0,348,True
1945,t1_gtfa35v,conspiracy,6,619,True
1946,t1_gtfbu6q,conspiracy,4,169,True
1947,t1_gtgrxs3,conspiracy,7,773,True
1948,t1_gthr1lw,conspiracy,6,346,True
1949,t1_gti8t2s,conspiracy,4,603,True
1950,t1_gtia97x,conspiracy,9,709,True
1951,t1_gtiahwh,non,7,412,True
1952,t1_gtin8vz,non,2,520,True
1953,t1_gtiq4d2,non,7,386,True
1954,t1_gtj4jeh,non,18,848,True
1955,t1_gtjfzbr,non,9,537,True
1956,t1_gtludqe,cant_tell,4,793,True
1957,t1_gtn2zi8,non,0,345,True
1958,t1_gtn4gii,conspiracy,7,179,True
1959,t1_gtndovs,non,14,710,True
1960,t1_gtnnh0o,non,13,297,True
1961,t1_gtnpq8o,non,0,988,True
1962,t1_gtoga4n,non,7,509,True
1963,t1_gtqa1c4,non,3,162,True
1964,t1_gtrm2vt,non,9,809,True
1965,t1_gtu3dvo,non,0,810,True
1966,t1_gtugwwa,non,4,258,True
1967,t1_gtwe8b6,non,0,747,True
1968,t1_gtzfiu5,cant_tell,6,905,True
1969,t1_gtzp9bq,non,5,664,True
1970,t1_gu29b1q,non,7,208,True
1971,t1_gu2p3zv,non,5,936,True
1972,t1_gu69iz8,non,3,179,True
1973,t1_gu6etka,non,14,936,True
1974,t1_gu7tok4,non,7,630,True
1975,t1_gu84izq,non,22,916,True
1976,t1_gu8e380,cant_tell,15,644,True
1977,t1_gu8ea7e,conspiracy,15,959,True
1978,t1_gu8es2n,non,0,287,True
1979,t1_gu8owot,conspiracy,5,361,True
1980,t1_guaxxa3,non,17,654,True
1981,t1_gubwecn,non,5,927,True
1982,t1_guf2o95,conspiracy,5,894,True
1983,t1_gufpuie,non,0,953,True
1984,t1_gug6bdw,non,0,879,True
1985,t1_gugb4sf,conspiracy,5,321,True
1986,t1_gugg67i,non,7,790,True
1987,t1_guhjius,non,5,196,True
1988,t1_guhw701,conspiracy,11,651,True
1989,t1_gujnisz,conspiracy,17,941,True
1990,t1_gujxex1,cant_tell,5,793,True
1991,t1_gujyiuq,non,9,997,True
1992,t1_gujynzm,conspiracy,9,747,True
1993,t1_guk6ipm,non,0,651,True
1994,t1_gul235z,conspiracy,5,701,True
1995,t1_guorbi1,cant_tell,4,477,True
1996,t1_gussob7,non,10,313,True
1997,t1_guvsq8i,conspiracy,5,783,True
1998,t1_guxwa6q,conspiracy,9,250,True
1999,t1_guyoo91,non,4,534,True
2000,t1_guzfax8,non,0,273,True
2001,t1_guzlb8x,conspiracy,5,221,True
2001,t1_guzoaa2,conspiracy,3,221,False
2001,t1_gv1mgk9,conspiracy,4,221,False
2003,t1_gv0dchj,non,8,906,True
2004,t1_gv1f0u3,non,3,626,True
2005,t1_gv1fbtd,non,19,718,True
2006,t1_gv1ih2a,non,5,869,True
2008,t1_gv1whi0,cant_tell,0,748,True
2009,t1_gv28ztq,non,0,238,True
2010,t1_gv2bc4r,conspiracy,6,747,True
2011,t1_gv42tb4,cant_tell,3,538,True
2012,t1_gv484ay,cant_tell,2,598,True
2013,t1_gv52h3s,conspiracy,7,624,True
2014,t1_gv56hfd,non,12,704,True
2014,t1_gv56lq2,cant_tell,6,704,False
2016,t1_gv5h0eg,non,5,271,True
2017,t1_gv6gvge,non,7,306,True
2018,t1_gv6j40f,cant_tell,8,270,True
2019,t1_gv6kskl,non,0,277,True
2020,t1_gv7008f,non,0,259,True
2021,t1_gvcazr1,conspiracy,5,191,True
2022,t1_gvdi21s,cant_tell,0,616,True
2023,t1_gvdk1rj,cant_tell,5,795,True
2024,t1_gvdlzaw,non,20,884,True
2025,t1_gvdx7ga,non,0,244,True
2026,t1_gvdybd6,non,4,613,True
2027,t1_gvdyqti,cant_tell,2,576,True
2028,t1_gveb47r,non,5,201,True
2029,t1_gvebcvk,non,23,765,True
2030,t1_gvjs8go,non,0,727,True
2031,t1_gvkc1bv,cant_tell,2,618,True
2032,t1_gvlto90,conspiracy,8,384,True
2033,t1_gvq0zrl,cant_tell,6,672,True
2034,t1_gvq5opw,cant_tell,5,523,True
2034,t1_gvq5mg0,non,4,523,False
2034,t1_gvq5rqz,cant_tell,0,523,False
2037,t1_gvq7kap,non,7,486,True
2038,t1_gvq98f5,cant_tell,3,420,True
2038,t1_gvq9e48,conspiracy,2,420,False
2038,t1_gvq9h9w,non,4,420,False
2041,t1_gvqacic,non,3,676,True
2041,t1_gvqaex1,cant_tell,5,676,False
2043,t1_gvs5t8o,conspiracy,7,352,True
2044,t1_gvsk6mc,conspiracy,8,437,True
2044,t1_gvsk57y,conspiracy,6,437,False
2046,t1_gvszglg,non,0,288,True
2047,t1_gvtosdi,conspiracy,8,514,True
2047,t1_gvtomez,non,0,514,False
2049,t1_gvtptr5,cant_tell,7,509,True
2050,t1_gvttaco,non,0,377,True
2051,t1_gvwmn6w,conspiracy,5,297,True
2052,t1_gvwoirj,cant_tell,2,701,True
2053,t1_gw1ctjv,non,2,417,True
2054,t1_gw2t76k,non,0,810,True
2055,t1_gw5ngm6,conspiracy,5,382,True
2056,t1_gwcyj9j,non,3,886,True
2057,t1_gwkki6v,conspiracy,7,266,True
2058,t1_gwwobbm,non,12,286,True
2059,t1_gx0c6c7,non,5,183,True
2060,t1_gx254v2,cant_tell,7,658,True
2061,t1_gx27f7r,non,4,603,True
2062,t1_gx32dqr,conspiracy,5,384,True
2063,t1_gx3s9gz,non,8,784,True
2064,t1_gx3tiqm,conspiracy,18,864,True
2065,t1_gx3ts6a,non,6,781,True
2066,t1_gx3uezp,non,7,745,True
2067,t1_gx4gv0j,non,6,939,True
2068,t1_gx4hcol,non,0,178,True
2069,t1_gx4i5r2,cant_tell,4,171,True
2070,t1_gx4jjr2,non,8,373,True
2071,t1_gx5f9fx,non,9,467,True
2071,t1_gx537x5,non,0,467,False
2071,t1_gx53qzu,cant_tell,0,467,False
2071,t1_gx5f9y8,non,3,467,False
2071,t1_gx5fcgo,cant_tell,5,467,False
2073,t1_gx5ab26,non,5,289,True
2077,t1_gx5o5i9,conspiracy,6,388,True
2078,t1_gx6cbxa,conspiracy,6,299,True
2079,t1_gx7ge0u,cant_tell,6,679,True
2080,t1_gx8dfnm,non,9,480,True
2081,t1_gx8zkdk,conspiracy,2,228,True
2082,t1_gxab53t,non,6,448,True
2083,t1_gxbbolo,cant_tell,4,519,True
2084,t1_gxbc5d7,conspiracy,13,859,True
2085,t1_gxbf2xf,non,0,769,True
2086,t1_gxc4p9s,non,0,451,True
2087,t1_gxc6pm7,non,0,929,True
2088,t1_gxd35fh,conspiracy,3,187,True
2089,t1_gxd3zbv,non,0,880,True
2090,t1_gxd8rqf,non,6,557,True
2090,t1_gxd8ipb,conspiracy,10,557,False
2090,t1_gxd8jom,non,3,557,False
2090,t1_gxd8kq4,cant_tell,2,557,False
2094,t1_gxd9k4u,cant_tell,4,544,True
2094,t1_gxd9iny,conspiracy,8,544,False
2094,t1_gxd9muv,cant_tell,3,544,False
2097,t1_gxday7l,non,12,695,True
2097,t1_gxdax65,non,0,695,False
2097,t1_gxdaz6x,non,0,695,False
2100,t1_gxdb7kz,non,5,358,True
2100,t1_gxdb9ek,conspiracy,4,358,False
2100,t1_gxdbb93,non,3,358,False
2100,t1_gxdbfon,conspiracy,7,358,False
2104,t1_gxdj28n,cant_tell,5,373,True
2105,t1_gxdjmfk,conspiracy,15,582,True
2106,t1_gxebg2f,non,0,466,True
2107,t1_gxecbxa,conspiracy,3,534,True
2108,t1_gxef726,conspiracy,6,747,True
2109,t1_gxeofnp,conspiracy,4,397,True
2110,t1_gxf6ukd,conspiracy,7,556,True
2111,t1_gxfaf0s,conspiracy,7,559,True
2111,t1_gxfah4b,non,5,559,False
2111,t1_gxfan4m,conspiracy,6,559,False
2114,t1_gxg6b8i,non,3,381,True
2115,t1_gxgft0q,non,11,636,True
2116,t1_gxgwbr6,non,11,576,True
2117,t1_gxh8dm5,cant_tell,1,400,True
2118,t1_gxidb3i,non,5,370,True
2118,t1_gxid4jd,non,2,370,False
2118,t1_gxidcwu,non,0,370,False
2118,t1_gxidf0t,non,0,370,False
2118,t1_gxidh0i,non,0,370,False
2118,t1_gxidrll,non,0,370,False
2124,t1_gxierxj,conspiracy,8,650,True
2124,t1_gxiez56,cant_tell,11,650,False
2124,t1_gxif15f,cant_tell,8,650,False
2124,t1_gxifawr,conspiracy,8,650,False
2124,t1_gxifdus,conspiracy,3,650,False
2129,t1_gxisupo,conspiracy,4,288,True
2130,t1_gxit98k,non,6,220,True
2131,t1_gxiu3qi,conspiracy,11,672,True
2132,t1_gxix3rw,conspiracy,7,406,True
2133,t1_gxj77yz,conspiracy,18,647,True
2134,t1_gxklosu,non,0,652,True
2135,t1_gxkn8fm,non,0,902,True
2139,t1_gxljsy9,conspiracy,12,460,True
2139,t1_gxlju1q,conspiracy,8,460,False
2139,t1_gxljv68,conspiracy,6,460,False
2142,t1_gxmfe9r,cant_tell,3,437,True
2143,t1_gxoevwy,cant_tell,5,479,True
2144,t1_gxq4985,conspiracy,6,893,True
2145,t1_gxq6chn,non,2,268,True
2145,t1_gxq6dva,non,1,268,False
2147,t1_gxtkr3e,cant_tell,7,577,True
2148,t1_gxtmzmy,conspiracy,4,163,True
2149,t1_gxvnl66,non,5,442,True
2150,t1_gxwayu7,non,10,336,True
2151,t1_gxwf4o9,conspiracy,7,553,True
2152,t1_gxydpzb,conspiracy,5,211,True
2152,t1_gxydqk9,conspiracy,4,211,False
2154,t1_gy2ledv,conspiracy,6,312,True
2155,t1_gy3l4m4,cant_tell,0,428,True
2156,t1_gy422x9,cant_tell,3,291,True
2157,t1_gy4jmlt,conspiracy,8,390,True
2158,t1_gy4k4ra,cant_tell,4,589,True
2159,t1_gy54ry7,non,5,170,True
2160,t1_gy892be,conspiracy,8,414,True
2161,t1_gy974t6,cant_tell,0,211,True
2162,t1_gyaq91m,cant_tell,5,326,True
2162,t1_gyaqbpc,non,4,326,False
2164,t1_gycc31z,conspiracy,4,321,True
2165,t1_gycivvf,cant_tell,3,284,True
2166,t1_gyesj2t,non,6,313,True
2167,t1_gyezodr,conspiracy,7,669,True
2168,t1_gyft5rp,conspiracy,8,492,True
2169,t1_gyfy9o3,non,0,431,True
2170,t1_gyh2sh5,conspiracy,7,712,True
2171,t1_gyh3fay,cant_tell,5,416,True
2172,t1_gyh41f9,conspiracy,7,507,True
2172,t1_gyh4731,cant_tell,4,506,False
2174,t1_gyh5dem,conspiracy,4,376,True
2175,t1_gyh6dv3,non,8,401,True
2176,t1_gyl5nvu,conspiracy,5,717,True
2177,t1_gyledk2,non,7,428,True
2178,t1_gynp4ml,non,3,311,True
2179,t1_gypw45d,non,5,212,True
2180,t1_gyrc8hk,conspiracy,6,613,True
2181,t1_gyu8ads,non,7,267,True
2182,t1_gyvl0jm,conspiracy,5,253,True
2183,t1_gywws4t,non,8,432,True
2184,t1_gyyic3e,cant_tell,5,977,True
2185,t1_gyzc1dq,conspiracy,2,403,True
2186,t1_gz13izl,cant_tell,5,457,True
2187,t1_gz178t5,non,8,789,True
2187,t1_gz175i9,non,5,789,False
2189,t1_gz2lp0b,conspiracy,4,319,True
2190,t1_gz60v3d,conspiracy,4,305,True
2191,t1_gzaupuz,conspiracy,5,630,True
2192,t1_gzaw7sm,non,3,376,True
2193,t1_gzb9qr4,non,0,763,True
2194,t1_gzbcd4b,conspiracy,7,595,True
2195,t1_gze1qn3,cant_tell,12,670,True
2196,t1_gzfgt65,cant_tell,9,505,True
2197,t1_gzld7hg,conspiracy,3,338,True
2198,t1_gzlpldq,cant_tell,3,270,True
2199,t1_gzn7a5i,conspiracy,13,821,True
2200,t1_gznrzjf,non,1,177,True
2201,t1_gzq4qbj,non,4,273,True
2201,t1_gzq4pak,non,2,273,False
2201,t1_gzq4te7,non,2,273,False
2201,t1_gzq4vfp,non,0,273,False
2205,t1_gzq596y,conspiracy,8,233,True
2206,t1_gzq96bv,non,6,556,True
2207,t1_gzql3y0,non,3,268,True
2208,t1_gzrlwqz,cant_tell,3,395,True
2209,t1_gzs5v7g,conspiracy,10,342,True
2211,t1_gztgvur,conspiracy,0,334,True
2212,t1_gzv1xk3,conspiracy,6,612,True
2212,t1_gzv1yoz,non,0,612,False
2214,t1_gzvvki2,cant_tell,4,625,True
2214,t1_gzvvcpi,non,0,625,False
2214,t1_gzvvf3l,cant_tell,2,625,False
2217,t1_gzwheyl,conspiracy,9,451,True
2217,t1_gzwhjoa,cant_tell,6,451,False
2219,t1_gzy68vo,conspiracy,12,304,True
2220,t1_gzy6j29,non,4,262,True
2221,t1_gzy73nu,conspiracy,5,842,True
2222,t1_gzy7yec,non,6,574,True
2222,t1_gzy7v12,non,3,574,False
2224,t1_gzykva6,conspiracy,3,519,True
2225,t1_gzzcusu,non,27,708,True
2226,t1_h00h7j0,conspiracy,4,541,True
2226,t1_h00h043,cant_tell,8,541,False
2226,t1_h00h1p5,conspiracy,3,541,False
2229,t1_h02z5id,conspiracy,20,822,True
2229,t1_h02yqjb,conspiracy,8,822,False
2231,t1_h04ktw9,conspiracy,4,644,True
2232,t1_h05jemi,cant_tell,0,262,True
2233,t1_h06pi9d,non,0,449,True
2234,t1_h06zpsu,cant_tell,4,607,True
2235,t1_h077hhs,non,4,248,True
2236,t1_h08ea3z,conspiracy,8,313,True
2237,t1_h09y0k2,non,7,213,True
2238,t1_h0b0n30,non,6,543,True
2239,t1_h0bec05,non,19,492,True
2240,t1_h0bzyyo,conspiracy,6,206,True
2241,t1_h0eprkq,conspiracy,8,302,True
2241,t1_h0epsj5,cant_tell,7,302,False
2243,t1_h0l71h9,non,5,624,True
2244,t1_h0q0yr5,conspiracy,8,826,True
2245,t1_h0q3v62,non,3,228,True
2246,t1_h0roe3w,conspiracy,5,508,True
2247,t1_h0sa9ak,non,0,169,True
2248,t1_h0sdou8,non,0,296,True
2249,t1_h0vlcik,conspiracy,4,406,True
2250,t1_h0wfkos,non,0,174,True
2251,t1_h0xvcsl,non,5,631,True
2252,t1_h0ye9qi,non,0,359,True
2253,t1_h0zk0qi,non,3,282,True
2253,t1_h0zkm4a,cant_tell,5,282,False
2255,t1_h1011en,non,3,482,True
2256,t1_h12ynpk,non,3,314,True
2257,t1_h1715uh,conspiracy,17,986,True
2258,t1_h17bkg7,non,0,547,True
2259,t1_h19q0ru,conspiracy,4,272,True
2260,t1_h1bqp5u,cant_tell,7,517,True
2261,t1_h1eoqot,cant_tell,3,423,True
2262,t1_h1g7g4t,non,0,178,True
2263,t1_h1j25sb,non,4,403,True
2264,t1_h1mk18h,conspiracy,7,287,True
2265,t1_h1r6rek,cant_tell,2,168,True
2266,t1_h1shmks,non,2,213,True
2267,t1_h1t0e8i,non,5,379,True
2268,t1_h1tg3wt,cant_tell,0,751,True
2269,t1_h1u5q24,non,4,304,True
2270,t1_h1zw81r,conspiracy,5,297,True
2271,t1_h2ggcvf,non,0,294,True
2272,t1_h2juajq,conspiracy,10,721,True
2273,t1_h2othom,conspiracy,4,274,True
2274,t1_h2wz8xv,non,4,351,True
2275,t1_h2x12xt,non,7,371,True
2276,t1_h2z2373,conspiracy,9,506,True
2276,t1_h2z1z6r,conspiracy,7,506,False
2278,t1_h318su7,non,4,413,True
2279,t1_h35xxsz,non,0,366,True
2280,t1_h393hlr,conspiracy,4,653,True
2281,t1_h39odwq,non,0,229,True
2282,t1_h3b7xjd,conspiracy,9,447,True
2283,t1_h3cfhxp,non,5,205,True
2284,t1_h3dit84,non,3,188,True
2285,t1_h3ipw1d,non,0,415,True
2286,t1_h3jya4e,conspiracy,8,678,True
2287,t1_h3kimjf,conspiracy,7,794,True
2288,t1_h3kyfie,non,0,431,True
2289,t1_h3l8am1,conspiracy,5,218,True
2290,t1_h3wkzec,non,0,362,True
2291,t1_h40iw2x,non,2,315,True
2292,t1_h4494tl,conspiracy,4,630,True
2292,t1_h449by9,non,5,629,False
2294,t1_h4apysn,cant_tell,0,166,True
2295,t1_h4auy5p,non,0,342,True
2296,t1_h4g0a3y,non,6,217,True
2297,t1_h4h1hrl,non,0,167,True
2298,t1_h4jdfsy,conspiracy,5,251,True
2299,t1_h4lptfh,non,6,243,True
2300,t1_h4lvv8q,non,5,244,True
2301,t1_h4mvnxs,non,0,413,True
2302,t1_h4n3x6x,non,7,422,True
2303,t1_h4rlx21,conspiracy,14,397,True
2304,t1_h4tpp5x,conspiracy,5,646,True
2305,t1_h4vlhff,conspiracy,8,428,True
2306,t1_h4w3u1k,conspiracy,4,175,True
2307,t1_h51lkav,cant_tell,3,219,True
2308,t1_h5d40q5,conspiracy,4,480,True
2309,t1_h5f1psu,conspiracy,5,234,True
2310,t1_h5ge58t,conspiracy,3,319,True
2311,t1_h5nxa6r,non,11,819,True
2311,t1_h5yc0tw,conspiracy,8,819,False
2312,t1_h5qrzfg,conspiracy,5,467,True
2313,t1_h5s2rnc,conspiracy,7,193,True
2314,t1_h5u6f3x,conspiracy,5,216,True
2315,t1_h5w43gd,non,4,368,True
2317,t1_h60mfna,non,6,600,True
2318,t1_h6erfna,non,0,588,True
2319,t1_h6g00li,conspiracy,4,188,True
2320,t1_h6ofutl,non,3,319,True
2321,t1_h6orttf,conspiracy,7,500,True
2322,t1_h6r21l2,conspiracy,8,578,True
2322,t1_h6r168z,conspiracy,6,582,False
2324,t1_h6vaerj,non,8,261,True
2324,t1_h6vqi2p,non,7,261,False
2326,t1_h6x17yh,conspiracy,4,564,True
2327,t1_h6zhn05,non,9,968,True
2328,t1_h6zqd2g,non,8,419,True
2329,t1_h754ktw,conspiracy,6,174,True
2330,t1_h75nq68,cant_tell,3,908,True
2331,t1_h77send,conspiracy,5,641,True
2332,t1_h7bz30a,conspiracy,6,464,True
2333,t1_h7cx44m,conspiracy,5,382,True
2334,t1_h7hwebn,conspiracy,9,700,True
2335,t1_h7jhsqx,conspiracy,15,883,True
2336,t1_h7kh7fb,cant_tell,3,258,True
2337,t1_h7q6cnw,conspiracy,6,567,True
2338,t1_h7uw8da,non,3,198,True
2339,t1_h7x79cs,non,8,535,True
2340,t1_h81gdqi,non,6,378,True
2341,t1_h85c3yl,conspiracy,10,666,True
2342,t1_h87wvoy,non,7,371,True
2342,t1_h87wtx8,non,0,371,False
2342,t1_h87wuuf,conspiracy,6,371,False
2345,t1_h89u1bv,conspiracy,8,243,True
2346,t1_h8aqb5n,non,5,184,True
2347,t1_h8bvxz0,non,8,451,True
2348,t1_h8eio72,conspiracy,4,297,True
2349,t1_h8gj5be,conspiracy,13,540,True
2349,t1_h8gifqf,non,6,540,False
2349,t1_h8gik8g,cant_tell,8,540,False
2349,t1_h8gjvov,non,8,540,False
2353,t1_h8ib0fz,non,0,175,True
2354,t1_h8m2ksd,non,11,564,True
2355,t1_h8ogbzf,non,3,490,True
2356,t1_h8v507t,cant_tell,4,164,True
2358,t1_h9dxqrq,non,0,597,True
2359,t1_h9lf9nx,non,5,446,True
2360,t1_h9ppwmz,non,3,305,True
2361,t1_h9sxlpx,conspiracy,6,290,True
2362,t1_h9yc1r9,conspiracy,6,193,True
2362,t1_h9ybqe7,conspiracy,3,193,False
2362,t1_h9yc46m,cant_tell,5,193,False
2362,t1_h9yc5oo,conspiracy,3,193,False
2366,t1_h9ynukf,conspiracy,3,256,True
2367,t1_h9z3t8s,conspiracy,14,248,True
2368,t1_ha0hcib,conspiracy,2,366,True
2369,t1_ha7j079,conspiracy,21,552,True
2370,t1_hadbv5m,cant_tell,4,240,True
2371,t1_haja09s,conspiracy,5,187,True
2372,t1_hao6ou5,cant_tell,3,441,True
2373,t1_haqlsml,conspiracy,6,686,True
2374,t1_harqy6m,cant_tell,3,531,True
2375,t1_havvhok,conspiracy,6,169,True
2376,t1_haw5wob,conspiracy,5,207,True
2377,t1_hayud60,non,7,211,True
2378,t1_hazlwi9,conspiracy,4,211,True
2379,t1_hb9ctnd,conspiracy,5,446,True
2380,t1_hbbacus,cant_tell,0,213,True
2381,t1_hbd5c7a,cant_tell,2,242,True
2382,t1_hbit9ab,non,0,566,True
2382,t1_hbkkvgd,non,0,566,False
2383,t1_hbkbe8c,conspiracy,6,336,True
2385,t1_hbkwj3z,conspiracy,3,316,True
2386,t1_hbm3exp,non,8,743,True
2389,t1_hbvn25n,conspiracy,8,428,True
2390,t1_hbx8kq2,non,5,266,True
2391,t1_hbztejg,non,3,533,True
2392,t1_hc4lr6p,cant_tell,3,819,True
2393,t1_hc69h31,conspiracy,3,895,True
2394,t1_hc76ytm,non,0,390,True
2395,t1_hc90cxf,cant_tell,4,243,True
2396,t1_hc9gxog,non,0,167,True
2397,t1_hcdxpv3,conspiracy,5,266,True
2398,t1_hcitqo9,cant_tell,0,224,True
2399,t1_hclw97k,conspiracy,3,166,True
2400,t1_hcrq3xt,non,13,649,True
2400,t1_hcrpxas,non,10,649,False
2402,t1_hctxa0m,non,1,173,True
2403,t1_hcyz6ba,non,0,198,True
2404,t1_hd23mrq,non,13,212,True
2404,t1_hd23mx8,non,0,212,False
2404,t1_hd23n90,non,0,212,False
2404,t1_hd23o8s,conspiracy,7,212,False
2404,t1_hd23oxk,non,6,212,False
2404,t1_hd23p3d,conspiracy,7,212,False
2410,t1_hd6eq4e,non,0,263,True
2411,t1_hd839q5,non,10,239,True
2411,t1_hd6rrad,conspiracy,3,239,False
2413,t1_hdd2vz3,cant_tell,4,343,True
2414,t1_hdeovva,cant_tell,7,279,True
2415,t1_hdqjgw1,non,4,165,True
2416,t1_hdqtm4n,non,5,291,True
2417,t1_he8el7w,non,3,262,True
2417,t1_hdry65j,non,0,262,False
2418,t1_hdsm0j5,cant_tell,7,348,True
2419,t1_hdsotgi,conspiracy,7,301,True
2420,t1_hdveh5b,non,6,174,True
2421,t1_hdz2sqj,non,7,273,True
2422,t1_he70c7j,conspiracy,7,370,True
2422,t1_he6bn4n,conspiracy,1,370,False
2422,t1_he7jxk8,conspiracy,7,370,False
2422,t1_he8n2o9,non,7,370,False
2425,t1_he89xx9,conspiracy,8,538,True
2428,t1_he8nxcy,conspiracy,6,352,True
2429,t1_heaw3yi,conspiracy,13,460,True
2429,t1_heaqu0z,conspiracy,9,460,False
2429,t1_heaw6an,conspiracy,6,460,False
2429,t1_heawbke,cant_tell,5,460,False
2429,t1_hebj7rz,conspiracy,3,460,False
2434,t1_hectlvd,non,4,726,True
2435,t1_heifwpb,conspiracy,5,339,True
2436,t1_hejdxsw,non,0,755,True
2437,t1_hejvrjq,non,1,191,True
2438,t1_hejwgi9,conspiracy,2,313,True
2439,t1_hell83p,non,4,861,True
2440,t1_hemc05m,cant_tell,2,278,True
2441,t1_hemdgbr,cant_tell,7,275,True
2442,t1_hemfft1,non,5,170,True
2442,t1_hemf8zo,non,0,170,False
2442,t1_hemfcmg,conspiracy,5,170,False
2442,t1_hemfjw1,conspiracy,4,170,False
2446,t1_hemtv1u,cant_tell,4,285,True
2446,t1_hemu1t5,cant_tell,3,285,False
2446,t1_hemumpw,conspiracy,5,285,False
2449,t1_heo0ew1,cant_tell,13,463,True
2450,t1_heq38kk,non,5,274,True
2451,t1_hev4kgq,conspiracy,7,705,True
2452,t1_hexc4is,conspiracy,9,314,True
2452,t1_hexc8kn,conspiracy,6,314,False
2454,t1_hf33oy8,cant_tell,5,162,True
2454,t1_hf24xvp,conspiracy,4,162,False
2454,t1_hf254sk,conspiracy,6,162,False
2454,t1_hf25e5x,cant_tell,2,162,False
2454,t1_hfa3htz,cant_tell,5,162,False
2457,t1_hf2frw4,conspiracy,5,473,True
2458,t1_hf2v9r5,non,7,194,True
2460,t1_hf5sp4h,conspiracy,6,283,True
2460,t1_hf5seci,non,5,283,False
2460,t1_hf5sueg,conspiracy,5,283,False
2460,t1_hf5szod,conspiracy,6,283,False
2460,t1_hf5t4hb,conspiracy,4,283,False
2460,t1_hf5tkj3,conspiracy,5,283,False
2466,t1_hf6tel4,conspiracy,6,342,True
2466,t1_hf6t852,conspiracy,2,342,False
2466,t1_hf6tc7w,conspiracy,2,342,False
2466,t1_hf6tpgw,conspiracy,3,342,False
2470,t1_hf8di3h,conspiracy,4,784,True
2471,t1_hf9890p,non,0,195,True
2473,t1_hfap2ba,non,0,198,True
2474,t1_hfcpljf,non,4,318,True
2475,t1_hfe1rqa,conspiracy,4,391,True
2475,t1_hfe1wom,non,4,391,False
2477,t1_hfi4l44,conspiracy,4,544,True
2478,t1_hfk1fyt,conspiracy,17,473,True
2478,t1_hfjtqjk,cant_tell,6,473,False
2478,t1_hfju03f,conspiracy,9,473,False
2478,t1_hfk1jxm,conspiracy,6,473,False
2482,t1_hfpb04f,conspiracy,14,665,True
2482,t1_hfpa1dl,cant_tell,7,663,False
2482,t1_hfpadca,cant_tell,2,665,False
2482,t1_hfpapjt,cant_tell,3,665,False
2482,t1_hfpavwq,conspiracy,5,665,False
2487,t1_hfplmnc,conspiracy,2,531,True
2488,t1_hfs6ft4,non,9,556,True
2488,t1_hfs5gu3,non,5,556,False
2488,t1_hfs61xw,conspiracy,10,556,False
2488,t1_hfs6occ,cant_tell,11,556,False
2492,t1_hfszr26,conspiracy,10,469,True
2493,t1_hfvi2x4,non,10,768,True
2494,t1_hfwvtpq,conspiracy,14,525,True
2495,t1_hfx8t1p,conspiracy,11,508,True
2495,t1_hfx8wdn,conspiracy,7,508,False
2495,t1_hfx91b9,non,0,508,False
2495,t1_hfx93pe,non,5,508,False
2495,t1_hfx9c9i,conspiracy,4,508,False
2495,t1_hfx9evz,conspiracy,5,508,False
2495,t1_hfx9p98,cant_tell,2,508,False
2495,t1_hfxaqyr,conspiracy,11,508,False
2503,t1_hg0l0tz,conspiracy,13,561,True
2503,t1_hg0k062,conspiracy,7,561,False
2503,t1_hg0kkuj,conspiracy,9,561,False
2503,t1_hg0knnu,conspiracy,10,561,False
2503,t1_hg0kqc9,conspiracy,10,561,False
2503,t1_hg0l3o7,conspiracy,4,561,False
2503,t1_hg0l84c,cant_tell,4,561,False
2510,t1_hg0l9a8,conspiracy,6,232,True
2511,t1_hg6ky1l,conspiracy,7,469,True
2512,t1_hg6qo5v,conspiracy,9,207,True
2513,t1_hg6zavs,cant_tell,3,192,True
2514,t1_hgdtk8u,non,0,329,True
2515,t1_hghh0q6,non,3,298,True
2516,t1_hgjle59,conspiracy,5,290,True
2517,t1_hgl5b6x,conspiracy,5,439,True
2518,t1_hglympu,cant_tell,0,166,True
2519,t1_hgmf3db,conspiracy,8,393,True
2520,t1_hgnn0ca,conspiracy,10,535,True
2520,t1_hgnma38,conspiracy,4,535,False
2520,t1_hgnmf10,non,3,535,False
2520,t1_hgnnbc1,non,0,535,False
2520,t1_hgnse9p,cant_tell,0,535,False
2520,t1_hgnsml7,non,0,535,False
2526,t1_hgnsy9q,conspiracy,5,202,True
2526,t1_hgnt2hn,conspiracy,4,202,False
2526,t1_hgntai6,conspiracy,4,202,False
2526,t1_hgntud5,conspiracy,5,202,False
2530,t1_hgqq5ml,non,5,377,True
2531,t1_hgvfb6v,non,8,393,True
2532,t1_hgvmqv5,conspiracy,14,425,True
2533,t1_hgwju1f,conspiracy,6,655,True
2534,t1_hgwknht,non,0,214,True
2535,t1_hgx3fz3,conspiracy,4,278,True
2536,t1_hgxhd41,cant_tell,7,325,True
2537,t1_hh1czm0,conspiracy,5,515,True
2538,t1_hh26t4o,conspiracy,5,193,True
2538,t1_hh22syv,conspiracy,5,180,False
2540,t1_hh8glho,non,0,233,True
2541,t1_hha7djk,non,4,298,True
2542,t1_hhagjqv,non,0,565,True
2543,t1_hhj181y,non,3,194,True
2544,t1_hhn0cfg,conspiracy,5,209,True
2545,t1_hhnlviq,non,5,290,True
2546,t1_hho13kk,non,4,559,True
2547,t1_hhrjmhi,non,6,588,True
2548,t1_hhtd880,conspiracy,9,505,True
2549,t1_hi2stcl,conspiracy,4,202,True
2550,t1_hi3pox8,non,6,237,True
2551,t1_hi4dgd0,non,3,233,True
2551,t1_hi4d9j4,non,0,233,False
2551,t1_hi4dr1r,conspiracy,5,233,False
2551,t1_hi4e3fm,cant_tell,4,233,False
2551,t1_hi4egj3,cant_tell,0,233,False
2556,t1_hi5eww5,conspiracy,5,272,True
2557,t1_hi5t85f,conspiracy,4,267,True
2558,t1_hialt2c,cant_tell,0,170,True
2559,t1_hitm9p3,conspiracy,6,222,True
2560,t1_hivrsv1,conspiracy,5,252,True
2561,t1_hixx9nl,non,0,347,True
2562,t1_hj25w70,conspiracy,5,203,True
2563,t1_hj38gdl,non,1,222,True
2564,t1_hj6jp6r,non,6,164,True
2565,t1_hjal99w,non,6,233,True
2566,t1_hjl0t4f,cant_tell,4,395,True
2567,t1_hjqyt38,conspiracy,5,288,True
2568,t1_hjvzntt,non,3,732,True
2569,t1_hjyjayu,non,0,169,True
2570,t1_hk0ek2m,cant_tell,3,172,True
2571,t1_hk1dg11,non,8,986,True
2572,t1_hk246c9,non,7,355,True
2573,t1_hk2om0v,non,6,202,True
2574,t1_hkbn7wp,non,0,586,True
2575,t1_hkeao58,cant_tell,6,523,True
2576,t1_hkef6r3,non,22,539,True
2577,t1_hkf7gff,cant_tell,4,191,True
2578,t1_hkryzd8,non,11,235,True
2579,t1_hks81hn,cant_tell,4,216,True
2580,t1_hksl8el,cant_tell,5,914,True
2581,t1_hkt057l,non,0,164,True
2582,t1_hkv9nar,non,2,225,True
2583,t1_hkwzb2z,non,8,327,True
2584,t1_hkxpear,non,5,344,True
2585,t1_hkyfi2n,conspiracy,10,395,True
2586,t1_hl3jcnk,conspiracy,5,227,True
2587,t1_hl44mw5,non,13,510,True
2588,t1_hl51m8k,non,3,423,True
2589,t1_hl5ru9l,cant_tell,6,211,True
2590,t1_hlbp1yr,cant_tell,5,728,True
2591,t1_hlc3hbc,non,9,288,True
2592,t1_hlfwh82,non,4,214,True
2593,t1_hljxln6,non,0,350,True
2594,t1_hlk1vci,cant_tell,0,694,True
2595,t1_hloiymj,non,4,210,True
2596,t1_hlpg403,non,5,329,True
2597,t1_hlpywha,conspiracy,4,501,True
2598,t1_hlr572t,conspiracy,9,572,True
2599,t1_hlspzii,non,7,544,True
2600,t1_hm1wxte,non,4,568,True
2601,t1_hm254zx,conspiracy,3,193,True
2602,t1_hm2kviq,conspiracy,4,235,True
2603,t1_hm7dh22,conspiracy,8,537,True
2604,t1_hm8y2ci,non,12,423,True
2605,t1_hm9v7ew,cant_tell,5,467,True
2606,t1_hmfts82,non,6,712,True
2607,t1_hmkdoaj,cant_tell,0,685,True
2608,t1_hmp43v2,conspiracy,4,596,True
2609,t1_hmukm38,non,0,298,True
2610,t1_hmz0f2y,non,0,374,True
2611,t1_hn2tsej,cant_tell,6,590,True
2612,t1_hn52wjp,conspiracy,4,295,True
2613,t1_hnel8u8,cant_tell,6,259,True
2614,t1_hniok1d,non,2,204,True
2615,t1_hnkego4,non,3,215,True
2616,t1_hnmdjna,non,5,288,True
2617,t1_hnmn7ce,non,0,320,True
2618,t1_hnuaziw,non,0,590,True
2619,t1_hnv01yp,non,3,177,True
2620,t1_hnvwhon,conspiracy,2,238,True
2621,t1_hnwwjc8,non,3,214,True
2622,t1_hnysf8b,cant_tell,4,206,True
2623,t1_hnysrov,non,0,251,True
2624,t1_ho10pkp,non,0,847,True
2625,t1_ho5lm7v,conspiracy,12,285,True
2626,t1_ho7i6ht,cant_tell,3,348,True
2627,t1_ho90o4u,cant_tell,0,171,True
2628,t1_hobbgss,non,7,466,True
2629,t1_hobkp4f,non,3,333,True
2630,t1_hoh33kk,conspiracy,5,195,True
2631,t1_honhz2u,cant_tell,4,889,True
2632,t1_hoo8yfv,conspiracy,7,345,True
2633,t1_hov10ip,non,3,819,True
2634,t1_howxfds,non,9,433,True
2635,t1_hpa1oyn,conspiracy,7,196,True
2636,t1_hpe8lgy,cant_tell,6,218,True
2637,t1_hpou96n,non,0,211,True
2638,t1_hpu3cwh,conspiracy,5,667,True
2639,t1_hpuj34d,non,8,482,True
2640,t1_hpvccw6,non,0,175,True
2641,t1_hpy4mjn,conspiracy,4,228,True
2642,t1_hq539wo,non,0,191,True
2643,t1_hq5da3n,conspiracy,5,186,True
2644,t1_hq93dnc,conspiracy,4,172,True
2645,t1_hq9whhr,non,5,376,True
2646,t1_hqg51cm,non,6,268,True
2647,t1_hqg9y2v,non,6,655,True
2648,t1_hqgw7x2,non,0,850,True
2649,t1_hqk9tm9,cant_tell,6,830,True
2650,t1_hqqc480,cant_tell,6,370,True
2651,t1_hqrlwah,cant_tell,3,174,True
2652,t1_hqvnf6t,non,11,797,True
2653,t1_hqxgwyi,conspiracy,6,212,True
2654,t1_hqy2014,cant_tell,6,270,True
2655,t1_hr0osz7,non,3,221,True
2656,t1_hr8hp7k,cant_tell,0,204,True
2657,t1_hr961id,conspiracy,3,333,True
2658,t1_hrabolz,conspiracy,7,666,True
2659,t1_hrb4wq1,conspiracy,4,280,True
2660,t1_hrffqjp,cant_tell,5,261,True
2661,t1_hrifvl3,non,5,420,True
2662,t1_hrkgcrg,conspiracy,5,330,True
2663,t1_hrtpeb6,non,10,876,True
2664,t1_hru767g,non,1,196,True
2665,t1_hru9mlm,non,6,239,True
2666,t1_hrvgqf2,conspiracy,7,224,True
2667,t1_hrwwg46,non,7,244,True
2668,t1_hs3qo85,non,10,200,True
2669,t1_hs3vsam,conspiracy,17,790,True
2670,t1_hs8lmfr,conspiracy,8,432,True
2671,t1_hshe3jy,non,3,867,True
2672,t1_hshg48k,cant_tell,0,166,True
2673,t1_hshro41,cant_tell,6,427,True
2674,t1_hski6zz,conspiracy,5,287,True
2675,t1_hsm4zo8,conspiracy,4,227,True
2676,t1_hsoj4b0,conspiracy,4,383,True
2677,t1_hsoyhdj,conspiracy,15,405,True
2678,t1_hsxp5n6,non,0,456,True
2679,t1_hsxybax,conspiracy,6,359,True
2680,t1_ht1oivh,non,4,399,True
2681,t1_ht55bo5,conspiracy,9,548,True
2682,t1_hta3drz,cant_tell,5,333,True
2683,t1_htef5i7,conspiracy,4,180,True
2684,t1_hteipvy,conspiracy,9,407,True
2685,t1_htfcayq,non,6,174,True
2686,t1_htgwao7,non,5,248,True
2687,t1_htisd5x,non,4,255,True
2688,t1_htmqlzt,non,2,253,True
2689,t1_htn3jda,non,0,354,True
2690,t1_htw2w80,cant_tell,4,386,True
2691,t1_htw601j,non,0,550,True
2692,t1_htwwxhl,non,5,299,True
2693,t1_hu00gb8,conspiracy,5,183,True
2694,t1_hu4l6g3,non,10,428,True
2695,t1_hu5ez2a,non,0,491,True
2696,t1_hu7e05r,conspiracy,6,365,True
2697,t1_hu7naqd,non,5,353,True
2698,t1_hu8ghob,conspiracy,6,667,True
2699,t1_hua016g,conspiracy,7,437,True
2700,t1_hua6u8o,conspiracy,3,230,True
2701,t1_huavhzz,conspiracy,5,219,True
2702,t1_hucdnig,cant_tell,4,223,True
2703,t1_huei40j,conspiracy,6,350,True
2704,t1_hugie6o,non,5,379,True
2705,t1_huginaf,cant_tell,3,483,True
2706,t1_huihxt7,non,6,237,True
2707,t1_hujpo09,conspiracy,4,218,True
2708,t1_hul5v3e,non,5,579,True
2709,t1_humw2y6,non,4,348,True
2710,t1_huuqfco,cant_tell,8,687,True
2711,t1_huxa4i2,cant_tell,0,344,True
2712,t1_hv58nwq,non,6,634,True
2713,t1_hv74k3m,non,8,443,True
2714,t1_hvaeb40,non,2,257,True
2715,t1_hvau3fr,conspiracy,4,182,True
2716,t1_hvcu5ab,conspiracy,8,443,True
2717,t1_hvcu84w,conspiracy,2,238,True
2718,t1_hvdbhzd,conspiracy,3,316,True
2719,t1_hvqizd2,cant_tell,0,518,True
2720,t1_hw5y53n,non,0,580,True
2721,t1_hwb68ec,conspiracy,5,311,True
2722,t1_hwfmek6,non,0,177,True
2723,t1_hwgruhs,non,8,999,True
2724,t1_hwj7wl1,non,5,310,True
2725,t1_hwmp6s6,conspiracy,2,194,True
2726,t1_hwmzqh3,cant_tell,3,422,True
2727,t1_hwpsf4k,conspiracy,3,524,True
2728,t1_hwvdodb,non,9,284,True
2729,t1_hwy7my4,non,5,199,True
2730,t1_hwyxi2a,cant_tell,4,237,True
2731,t1_hwzd1zp,non,0,252,True
2732,t1_hwzs5qo,conspiracy,4,392,True
2733,t1_hx3hcf2,conspiracy,5,208,True
2734,t1_hx89t3m,non,3,317,True
2734,t1_hx89p2d,non,0,317,False
2734,t1_hx89qpm,non,0,317,False
2737,t1_hxhlmjg,cant_tell,4,178,True
2738,t1_hxn1w79,conspiracy,12,415,True
2739,t1_hxp8ebt,conspiracy,5,472,True
2740,t1_hxsn67q,cant_tell,3,169,True
2741,t1_hxul00f,non,0,240,True
2742,t1_hxwbas0,non,11,812,True
2743,t1_hy1qqxs,conspiracy,4,419,True
2744,t1_hy7hmzp,non,0,313,True
2745,t1_hya1hh7,cant_tell,4,185,True
2746,t1_hyg08sp,conspiracy,6,219,True
2747,t1_hyg6t1f,non,3,229,True
2748,t1_hyhrrae,non,6,415,True
2749,t1_hympdkc,non,0,297,True
2750,t1_hyo8vb8,conspiracy,4,283,True
2751,t1_hyucqwo,cant_tell,0,349,True
2752,t1_hz62oys,non,0,508,True
2753,t1_hzfper7,non,5,206,True
2754,t1_hzjpqhu,non,0,395,True
2755,t1_hzmpktk,conspiracy,4,162,True
2756,t1_hzovtm3,non,8,478,True
2757,t1_hzqzx89,conspiracy,5,404,True
2758,t1_hzs2hmw,conspiracy,8,257,True
2759,t1_hztt66w,conspiracy,11,692,True
2760,t1_hzw41mn,conspiracy,5,253,True
2761,t1_i03ho2k,non,3,366,True
2762,t1_i04pj4v,conspiracy,7,507,True
2763,t1_i052bsi,non,5,253,True
2763,t1_i0524al,non,0,253,False
2765,t1_i0abqp1,cant_tell,0,242,True
2766,t1_i0dmnb4,conspiracy,8,189,True
2767,t1_i0jh8vn,non,17,364,True
2768,t1_i0m9kjx,cant_tell,9,742,True
2769,t1_i0oe104,non,5,183,True
2770,t1_i0q5up8,non,6,249,True
2771,t1_i0rkt48,non,5,531,True
2772,t1_i0slrpz,non,0,439,True
2773,t1_i112248,conspiracy,5,202,True
2774,t1_i11t5jp,non,0,219,True
2775,t1_i16cmck,non,0,274,True
2776,t1_i16eqz0,non,7,342,True
2777,t1_i172ts2,non,0,389,True
2778,t1_i1bgv3m,cant_tell,12,186,True
2779,t1_i1f1hqu,non,2,378,True
2780,t1_i1i6rcg,conspiracy,8,235,True
2781,t1_i1n1hm4,non,0,303,True
2782,t1_i1sa26m,non,5,253,True
2783,t1_i1sosb7,non,9,542,True
2784,t1_i1w3w9c,non,6,251,True
2785,t1_i216olh,non,0,215,True
2786,t1_i27a5vm,cant_tell,4,539,True
2787,t1_i2fop1x,conspiracy,7,303,True
2788,t1_i2jemch,conspiracy,0,215,True
2789,t1_i2r696b,non,0,737,True
2790,t1_i2rj81n,non,5,194,True
2791,t1_i2rjywd,cant_tell,5,175,True
2792,t1_i2vcy28,conspiracy,8,351,True
2793,t1_i2wfcci,cant_tell,6,320,True
2794,t1_i32gg4z,non,0,363,True
2795,t1_i35ht1l,non,14,660,True
2796,t1_i391a57,non,12,400,True
2797,t1_i3jdifr,non,5,649,True
2798,t1_i3jkh6q,non,0,589,True
2799,t1_i3ly7xn,non,10,412,True
2800,t1_i3oxubo,cant_tell,5,260,True
2801,t1_i3p8qqq,non,7,256,True
2802,t1_i3ulmih,non,6,317,True
2803,t1_i3vlil7,non,6,303,True
2804,t1_i3vrtci,conspiracy,6,332,True
2805,t1_i3wbj8n,non,0,553,True
2806,t1_i46k0jt,conspiracy,6,633,True
2807,t1_i4ctmpx,non,6,582,True
2808,t1_i4kbmt7,non,9,454,True
2809,t1_i4q2v88,non,8,494,True
2810,t1_i4qartn,non,7,593,True
2811,t1_i4vc2n9,conspiracy,5,339,True
2812,t1_i4x9bob,non,4,260,True
2813,t1_i50pmy9,conspiracy,5,345,True
2814,t1_i56672y,non,0,253,True
2815,t1_i5cwjii,non,14,339,True
2816,t1_i5j4tlg,cant_tell,5,319,True
2817,t1_i5mgcat,non,2,505,True
2818,t1_i5mlqng,non,8,463,True
2819,t1_i5qy5qi,non,0,262,True
2820,t1_i61suxa,non,9,242,True
2821,t1_i64w43z,non,10,368,True
2822,t1_i67vlfz,non,4,482,True
2823,t1_i6b5zs8,non,10,980,True
2824,t1_i6bod7h,conspiracy,7,276,True
2825,t1_i6dqn7i,cant_tell,3,162,True
2826,t1_i6ez2cw,conspiracy,5,707,True
2827,t1_i6ezzgc,conspiracy,2,203,True
2828,t1_i6fdyqw,cant_tell,0,531,True
2829,t1_i6kv90o,conspiracy,4,200,True
2830,t1_i6lhzki,non,9,600,True
2831,t1_i6ljgev,conspiracy,1,186,True
2832,t1_i6p1fbq,non,16,621,True
2833,t1_i6q3pgk,non,5,523,True
2834,t1_i6stg4n,cant_tell,8,658,True
2835,t1_i6suo3w,conspiracy,4,276,True
2836,t1_i724qx9,conspiracy,6,216,True
2837,t1_i72lfrd,non,14,276,True
2838,t1_i79u1wg,non,1,328,True
2839,t1_i7akby3,conspiracy,14,277,True
2840,t1_i7c8sxa,non,5,167,True
2841,t1_i7n8om3,non,0,441,True
2842,t1_i7p08qh,non,9,329,True
2843,t1_i7vfp1o,cant_tell,6,343,True
2844,t1_i7xxll7,non,0,185,True
2845,t1_i7ybuop,non,5,523,True
2846,t1_i82c4yf,non,12,795,True
2847,t1_i874xl5,non,4,282,True
2848,t1_i8g58mr,non,6,238,True
2849,t1_i8guyy2,cant_tell,0,472,True
2850,t1_i8i5vpz,non,3,448,True
2851,t1_i8ky0ff,conspiracy,9,245,True
2852,t1_i8p5l14,non,0,285,True
2853,t1_i8wwclf,conspiracy,11,305,True
2854,t1_i93tc96,conspiracy,8,360,True
2855,t1_i9c5aaw,non,7,302,True
2856,t1_i9egktz,cant_tell,3,356,True
2857,t1_i9ftbk6,cant_tell,0,375,True
2858,t1_i9j4jkp,conspiracy,4,205,True
2859,t1_i9j8od5,conspiracy,10,977,True
2860,t1_i9qi47w,non,23,950,True
2861,t1_i9vxe9d,non,0,285,True
2862,t1_i9z7vu9,conspiracy,4,240,True
2863,t1_ia1vrsn,conspiracy,7,346,True
2863,t1_ia1x5em,non,8,346,False
2865,t1_ia265k0,non,8,865,True
2866,t1_ia3rbx5,conspiracy,10,689,True
2867,t1_ia7hiuv,conspiracy,4,785,True
2868,t1_ia8j0bo,cant_tell,2,184,True
2869,t1_ia9jf2r,conspiracy,5,367,True
2870,t1_iagrkzk,non,1,170,True
2871,t1_iahxfuq,non,0,928,True
2872,t1_iai3vcu,non,7,382,True
2873,t1_ialtcxq,conspiracy,1,219,True
2874,t1_ian88oz,non,4,179,True
2875,t1_iar69nc,conspiracy,8,216,True
2876,t1_iatpyrc,non,0,211,True
2877,t1_iaxu099,conspiracy,10,246,True
2878,t1_iaxv4cj,conspiracy,5,292,True
2879,t1_ib5pqnx,conspiracy,15,553,True
2880,t1_ib9ew47,non,0,305,True
2880,t1_ib9fbnv,non,0,305,False
2882,t1_ibau7ta,conspiracy,3,204,True
2883,t1_ibdbhxh,conspiracy,16,702,True
2884,t1_ibdcwbz,non,6,509,True
2885,t1_ibdro25,cant_tell,4,382,True
2886,t1_ibgivc4,non,0,270,True
2887,t1_ibhs1ur,non,3,978,True
2888,t1_ibj6t6i,conspiracy,4,224,True
2889,t1_ibl3zit,conspiracy,2,350,True
2890,t1_ibr3h5a,conspiracy,5,396,True
2891,t1_ibtsakd,non,0,241,True
2892,t1_ibu4g2y,conspiracy,9,279,True
2892,t1_ibu4yx1,non,5,279,False
2892,t1_ibu5a2r,conspiracy,1,279,False
2895,t1_ibv3pep,conspiracy,6,218,True
2896,t1_ic06veq,non,5,502,True
2897,t1_ic5ew02,conspiracy,5,630,True
2898,t1_ic7j2oq,cant_tell,1,382,True
2899,t1_ic8kv2s,non,3,473,True
2900,t1_icaef4b,conspiracy,5,401,True
2901,t1_icanpki,non,6,209,True
2902,t1_icap1jx,non,0,316,True
2903,t1_icdjslh,cant_tell,5,877,True
2904,t1_ici7loy,conspiracy,3,537,True
2905,t1_ico0hd2,conspiracy,11,561,True
2906,t1_icp4j92,conspiracy,19,451,True
2907,t1_icqh4om,conspiracy,6,512,True
2908,t1_icr08hg,non,16,588,True
2909,t1_id3dtoj,conspiracy,10,454,True
2910,t1_id404h8,non,4,392,True
2911,t1_id9mpgo,conspiracy,5,356,True
2912,t1_idbazpy,cant_tell,3,416,True
2913,t1_idluzk4,non,6,190,True
2914,t1_idpf8hk,conspiracy,4,516,True
2915,t1_idpij56,non,0,894,True
2916,t1_iduju8u,conspiracy,5,825,True
2917,t1_idyc484,non,5,607,True
2918,t1_ie0vawm,non,0,181,True
2919,t1_ie3gq3j,cant_tell,4,177,True
2920,t1_ie6r075,conspiracy,3,454,True
2921,t1_iecn2d2,non,0,206,True
2922,t1_ieimagk,non,2,173,True
2923,t1_ienlbii,non,3,312,True
2923,t1_ienlb4n,non,0,312,False
2925,t1_if234mc,cant_tell,0,991,True
2926,t1_if2xrbp,cant_tell,3,393,True
2927,t1_if6rhqz,conspiracy,4,193,True
2928,t1_ifeyj61,non,6,199,True
2929,t1_ifjp9lf,conspiracy,3,198,True
2930,t1_ifnuabf,conspiracy,8,489,True
2931,t1_ifr6v1u,non,6,524,True
2932,t1_ifrr5f5,non,0,290,True
2933,t1_ifscexz,cant_tell,6,317,True
2934,t1_ifuoocz,conspiracy,5,261,True
2935,t1_ifw6cn9,conspiracy,5,248,True
2936,t1_ig95wp8,non,7,341,True
2937,t1_ig99ol8,non,11,232,True
2938,t1_igad9lf,conspiracy,11,894,True
2939,t1_igfmdu1,non,0,306,True
2940,t1_igi2k4x,cant_tell,3,338,True
2941,t1_igo2c28,non,4,323,True
2942,t1_igqo94y,conspiracy,6,186,True
2943,t1_igwrma9,conspiracy,13,657,True
2944,t1_ih15q9c,conspiracy,2,368,True
2945,t1_ih2z2sh,non,0,689,True
2946,t1_ih5cggk,non,11,516,True
2947,t1_ih6a7nz,non,30,793,True
2948,t1_ih7yvjn,non,2,602,True
2949,t1_ihlyzfh,non,2,750,True
2950,t1_ihnc5s6,conspiracy,5,341,True
2951,t1_ihqebwb,non,0,764,True
2952,t1_ihsfua1,non,11,583,True
2953,t1_ihun5h9,cant_tell,0,288,True
2953,t1_ihuuj43,non,5,288,False
2955,t1_ii1abre,conspiracy,6,395,True
2956,t1_ii89k89,cant_tell,4,384,True
2957,t1_iibmykm,non,3,403,True
2958,t1_iic49ld,conspiracy,9,244,True
2959,t1_iie1ofb,conspiracy,8,516,True
2960,t1_iigfe6x,cant_tell,15,541,True
2961,t1_iim97hn,conspiracy,3,356,True
2962,t1_iinu4l2,conspiracy,0,572,True
2963,t1_iirj3g5,non,2,870,True
2964,t1_iiyi6oe,non,4,238,True
2965,t1_ij4fuqp,non,4,758,True
2966,t1_ij6bq2a,non,1,270,True
2967,t1_ij6ryxf,non,8,588,True
2968,t1_ijk3i1e,conspiracy,4,387,True
2969,t1_ijls5cu,conspiracy,4,299,True
2970,t1_ijn6u4f,conspiracy,4,886,True
2971,t1_ijxzvoa,conspiracy,4,439,True
2972,t1_ik1dorr,conspiracy,4,451,True
2973,t1_ik2z128,cant_tell,6,338,True
2974,t1_ik5m9qx,non,6,672,True
2975,t1_ik6pkoe,non,3,171,True
2976,t1_ik7t5bu,conspiracy,5,208,True
2977,t1_ikdqo0j,conspiracy,6,689,True
2978,t1_ikhrlnu,conspiracy,14,377,True
2979,t1_ikhwfrd,non,5,356,True
2980,t1_iktl710,non,11,379,True
2980,t1_iktl5wg,non,0,379,False
2980,t1_iktl809,cant_tell,1,379,False
2983,t1_ikxuzoe,cant_tell,3,342,True
2984,t1_il1mxfw,non,12,691,True
2985,t1_il6cs4i,non,3,192,True
2986,t1_il8cpvx,conspiracy,10,732,True
2987,t1_ilqjl58,non,5,454,True
2987,t1_ilqenqi,non,4,454,False
2989,t1_imj3m9j,conspiracy,7,237,True
2990,t1_immj2qa,non,0,430,True
2991,t1_imo4c9w,cant_tell,0,438,True
2992,t1_imt5so7,non,4,293,True
2993,t1_imwd43s,conspiracy,6,305,True
2994,t1_in4nr3x,non,12,387,True
2995,t1_in8bika,non,0,469,True
2996,t1_inbwxt1,non,5,324,True
2997,t1_injf7q6,cant_tell,5,329,True
2998,t1_injn17m,non,0,250,True
2999,t1_inl9da7,cant_tell,0,665,True
3001,t1_ino5ury,conspiracy,6,421,True
3001,t1_ino8f1z,conspiracy,5,421,False
3003,t1_inoqwei,non,5,289,True
3004,t1_inown2o,conspiracy,4,414,True
3005,t1_inqk54o,conspiracy,8,372,True
3006,t1_inqo522,non,0,392,True
3009,t1_inxupgd,non,1,428,True
3010,t1_io3854z,non,0,530,True
3011,t1_io421pm,conspiracy,7,245,True
3012,t1_io627nq,conspiracy,6,308,True
3013,t1_iok3xl9,non,7,355,True
3013,t1_iok3zl7,non,4,355,False
3013,t1_iok40pt,conspiracy,6,355,False
3016,t1_iolzmy0,cant_tell,4,546,True
3017,t1_ios3v8d,conspiracy,12,583,True
3018,t1_iox02zb,conspiracy,3,322,True
3019,t1_iozhx9w,non,4,486,True
3020,t1_ip42x9c,conspiracy,6,387,True
3021,t1_ipkdlct,non,4,424,True
3022,t1_ipl2bgw,non,0,414,True
3023,t1_ipmmtxx,non,9,625,True
3024,t1_ipzauyc,non,4,833,True
3025,t1_iq3n6gt,conspiracy,8,176,True
3026,t1_iq83djh,cant_tell,0,550,True
3027,t1_iqd0zw4,conspiracy,5,439,True
3028,t1_iqdjrhf,conspiracy,7,455,True
3029,t1_iqltt7y,non,3,971,True
3030,t1_iqpe92y,cant_tell,7,269,True
3031,t1_iqu9znh,non,8,625,True
3032,t1_iqxubn0,non,0,182,True
3033,t1_iqzvon0,conspiracy,9,777,True
3034,t1_ir19bs6,non,0,265,True
3035,t1_ir28t6k,conspiracy,16,711,True
3036,t1_ir3hjki,non,0,937,True
3037,t1_ir6lwme,non,8,378,True
3038,t1_iragnul,non,4,509,True
3039,t1_irakgku,non,6,388,True
3039,t1_irakjn4,non,1,388,False
3041,t1_irao1uy,non,2,956,True
3042,t1_irg6dur,non,7,377,True
3043,t1_irkc62e,non,9,824,True
3044,t1_irki65k,non,0,277,True
3045,t1_irnh8nl,conspiracy,14,473,True
3046,t1_irtxbf9,cant_tell,3,554,True
3047,t1_irvf0ob,non,1,497,True
3048,t1_irzrfko,cant_tell,5,298,True
3049,t1_is1olxv,non,5,814,True
3050,t1_is5cj2w,non,9,303,True
3051,t1_is5xw7j,conspiracy,9,424,True
3051,t1_is5xyvz,non,10,424,False
3053,t1_is6fx44,non,4,465,True
3054,t1_is6pamy,non,6,168,True
3055,t1_ismg0qz,non,3,774,True
3056,t1_isrq6y9,conspiracy,5,379,True
3057,t1_istc1q7,conspiracy,5,166,True
3058,t1_isv9jgi,non,0,185,True
3060,t1_it6tjwv,non,5,299,True
3061,t1_ita35vm,conspiracy,9,544,True
3062,t1_itd2lii,cant_tell,2,182,True
3063,t1_ite6et7,conspiracy,6,305,True
3063,t1_ite66co,conspiracy,3,305,False
3065,t1_itefmm2,conspiracy,10,584,True
3066,t1_itlxg7p,non,5,195,True
3067,t1_itnlw7g,conspiracy,2,219,True
3068,t1_itp1zb2,cant_tell,2,495,True
3069,t1_itq73rp,non,0,242,True
3070,t1_itrqhx6,conspiracy,12,662,True
3071,t1_itubiuf,cant_tell,6,520,True
3072,t1_itzxr8h,non,4,517,True
3072,t1_itzxs42,conspiracy,3,517,False
3072,t1_iu00ymu,non,3,517,False
3075,t1_iu0mggv,non,0,249,True
3076,t1_iu9at50,conspiracy,7,398,True
3077,t1_iu9muqj,non,8,867,True
3078,t1_iud13pj,cant_tell,4,466,True
3079,t1_iudwola,non,10,408,True
3080,t1_iui1vok,non,0,361,True
3081,t1_iukezeh,cant_tell,4,184,True
3081,t1_iukf0bt,conspiracy,4,184,False
3083,t1_iun9i9t,cant_tell,3,207,True
3084,t1_iuqzsip,non,8,633,True
3085,t1_iv7fmry,conspiracy,8,614,True
3085,t1_iv7iuhy,conspiracy,7,639,False
3087,t1_iv8g2tn,non,0,578,True
3088,t1_ivaf0yr,non,13,841,True
3089,t1_ivbpmn2,conspiracy,15,494,True
3090,t1_ivc5hrl,conspiracy,5,530,True
3091,t1_ivcmeib,conspiracy,7,447,True
3092,t1_ivg3ztl,conspiracy,7,342,True
3093,t1_ivhjr4i,non,3,392,True
3094,t1_ivl20c7,non,3,479,True
3095,t1_ivr5p1o,conspiracy,5,441,True
3096,t1_iw0iolc,non,0,276,True
3097,t1_iw57k97,cant_tell,10,601,True
3098,t1_iwaxo8r,conspiracy,5,555,True
3099,t1_iwknvzx,non,3,239,True
3100,t1_iwvixl0,conspiracy,5,206,True
3101,t1_iwx22z4,conspiracy,3,347,True
3102,t1_ix2pt2q,conspiracy,11,293,True
3103,t1_ix34bxa,cant_tell,4,212,True
3104,t1_ix3m10u,non,8,856,True
3105,t1_ix8gc7d,conspiracy,8,682,True
3105,t1_ixlhdyb,conspiracy,5,682,False
3105,t1_iy2tol6,conspiracy,7,682,False
3106,t1_ixi3hzd,conspiracy,4,495,True
3108,t1_ixpvp87,non,3,201,True
3109,t1_ixsqpfr,non,7,347,True
3111,t1_iykpe2o,cant_tell,4,362,True
3112,t1_iz727t6,non,0,822,True
3113,t1_iz78ajg,non,9,701,True
3114,t1_iz8se15,non,13,523,True
3114,t1_izax2fo,non,5,523,False
3114,t1_izgweld,conspiracy,5,523,False
3115,t1_iz9cuto,non,0,266,True
3116,t1_iza83ap,cant_tell,5,278,True
3118,t1_izf53vf,non,5,555,True
3120,t1_izlpvtk,non,0,201,True
3121,t1_izuflvu,conspiracy,5,820,True
3122,t1_izwurkf,non,6,548,True
3123,t1_izxr7qv,cant_tell,1,202,True
3124,t1_j002bsk,non,0,192,True
3125,t1_j00yn1x,conspiracy,14,805,True
3126,t1_j08g5oh,non,6,323,True
3127,t1_j0cnnp7,non,5,180,True
3128,t1_j0cxfzk,non,0,164,True
3129,t1_j0erf6h,conspiracy,5,230,True
3130,t1_j0ixlz8,non,2,441,True
3130,t1_j0mm67k,non,0,441,False
3132,t1_j0npnra,non,6,267,True
3133,t1_j0oqoc1,conspiracy,7,349,True
3134,t1_j0tqiok,non,2,307,True
3135,t1_j10yz0d,conspiracy,8,329,True
3136,t1_j15yj9u,cant_tell,0,316,True
3137,t1_j18y9va,non,5,659,True
3138,t1_j19nj2i,conspiracy,5,275,True
3139,t1_j1bp6e0,conspiracy,3,835,True
3140,t1_j1dedfj,non,0,704,True
3141,t1_j1i3asa,cant_tell,8,653,True
3142,t1_j1qmyl4,non,5,261,True
3143,t1_j1r7how,non,0,389,True
3144,t1_j2a1yv0,non,3,555,True
3145,t1_j2d40kh,cant_tell,5,611,True
3146,t1_j2uwrpl,non,0,225,True
3147,t1_j2wpvz6,cant_tell,4,286,True
3148,t1_j33xx4f,conspiracy,5,337,True
3149,t1_j39tj1k,conspiracy,7,554,True
3150,t1_j3e006h,cant_tell,3,370,True
3150,t1_j3ihm9g,non,8,370,False
3152,t1_j3rbdq8,non,9,278,True
3153,t1_j41r2c0,conspiracy,3,507,True
3154,t1_j43ifsc,cant_tell,0,448,True
3155,t1_j468enl,non,6,535,True
3155,t1_j467bok,non,3,535,False
3155,t1_j467cj6,conspiracy,7,535,False
3155,t1_j46883y,conspiracy,6,535,False
3159,t1_j49ap25,non,3,254,True
3160,t1_j4jcw1z,non,0,415,True
3161,t1_j4lsctc,non,0,502,True
3162,t1_j4nk5wn,cant_tell,4,196,True
3163,t1_j4nv7rw,conspiracy,4,167,True
3164,t1_j4rr72m,non,0,498,True
3165,t1_j4ytiu6,cant_tell,1,289,True
3166,t1_j4zhiju,conspiracy,8,238,True
3167,t1_j5cll1c,cant_tell,3,438,True
3167,t1_j64qd9e,non,6,438,False
3168,t1_j5llbph,non,2,716,True
3169,t1_j5qa87g,conspiracy,8,367,True
3170,t1_j5sxio3,non,5,629,True
3171,t1_j5ucj88,non,0,396,True
3172,t1_j625c6v,cant_tell,3,224,True
3174,t1_j6b3bma,cant_tell,0,221,True
3175,t1_j6hoxz0,non,0,953,True
3176,t1_j6i85t6,non,2,871,True
3177,t1_j6n8uxn,non,4,187,True
3178,t1_j6zgga6,cant_tell,0,213,True
3179,t1_j75coaw,non,6,314,True
3180,t1_j75wwee,conspiracy,1,259,True
3181,t1_j78ao6o,conspiracy,14,526,True
3182,t1_j7adew8,cant_tell,2,274,True
3183,t1_j7j0czh,non,0,206,True
3184,t1_j7uxybj,conspiracy,4,343,True
3185,t1_j7x4hko,conspiracy,3,253,True
3186,t1_j7zj9a7,non,0,290,True
3187,t1_j80o8fg,non,7,365,True
3188,t1_j8eryz9,conspiracy,7,400,True
3189,t1_j8f1fly,cant_tell,0,337,True
3190,t1_j8fn3kf,conspiracy,0,204,True
3191,t1_j8ig4z9,conspiracy,0,325,True
3192,t1_j8jbb8i,non,4,625,True
3193,t1_j8muypx,cant_tell,4,229,True
3194,t1_j8p3qxk,non,2,878,True
3195,t1_j8pkpz4,non,5,229,True
3196,t1_j8ym47s,non,0,422,True
3196,t1_j8ym8ul,non,0,422,False
3198,t1_j9563fi,non,4,400,True
3199,t1_j965p64,non,4,513,True
3200,t1_j98wv86,cant_tell,3,373,True
3201,t1_j9d9jm1,conspiracy,5,163,True
3202,t1_j9f9mbm,conspiracy,2,472,True
3203,t1_j9fa68n,non,0,207,True
3204,t1_j9hbvvr,non,0,314,True
3205,t1_j9lecyo,cant_tell,0,167,True
3206,t1_j9mvnh9,conspiracy,8,422,True
3207,t1_j9q5dby,non,5,167,True
3208,t1_ja7zgep,non,5,462,True
3209,t1_ja8p06t,non,6,743,True
3210,t1_jabimli,non,5,182,True
3211,t1_jafdooe,conspiracy,3,195,True
3212,t1_jarac1v,non,11,315,True
3213,t1_jarvzqh,conspiracy,4,363,True
3214,t1_jayge8u,conspiracy,5,795,True
3215,t1_jb1z2bv,conspiracy,5,164,True
3216,t1_jb45k7v,non,2,166,True
3217,t1_jbabwz3,cant_tell,4,484,True
3218,t1_jbafu53,non,0,684,True
3219,t1_jbc6bd9,non,13,423,True
3220,t1_jbid49b,cant_tell,1,578,True
3221,t1_jbjl4tp,non,3,209,True
3222,t1_jbk7nfr,non,11,574,True
3223,t1_jbpghpe,non,0,813,True
3224,t1_jbythji,cant_tell,3,224,True
3225,t1_jcatyda,cant_tell,0,264,True
3226,t1_jcut5y8,conspiracy,5,799,True
3227,t1_jcvgzkr,non,2,441,True
3228,t1_jcxpg2x,conspiracy,5,212,True
3229,t1_jd3ywaq,non,3,417,True
3230,t1_jd4e1rk,conspiracy,4,340,True
3231,t1_jdijyir,non,0,302,True
3232,t1_jdl5d4v,non,8,162,True
3233,t1_jdn941e,conspiracy,5,518,True
3234,t1_jdynnh4,conspiracy,4,877,True
3235,t1_je3y3oq,non,5,259,True
3236,t1_jed1bk6,non,0,240,True
3236,t1_jed2439,conspiracy,5,240,False
3238,t1_jeemv68,non,0,507,True
3239,t1_jeepny7,non,2,353,True
3240,t1_jeepuxp,non,7,406,True
3241,t1_jeh92lw,non,0,248,True
3242,t1_jeju736,non,1,210,True
3243,t1_jes6arx,conspiracy,7,727,True
3244,t1_jevgk97,non,0,311,True
3245,t1_jf8ewsk,non,9,541,True
3245,t1_jf8eqad,non,5,541,False
3247,t1_jfjyadp,non,5,343,True
3248,t1_jft50ib,cant_tell,7,324,True
3249,t1_jfuf2zn,cant_tell,3,256,True
3250,t1_jfuqite,conspiracy,5,724,True
3251,t1_jfyjapq,non,6,350,True
3251,t1_jfyjgye,conspiracy,5,350,False
3253,t1_jfzx9us,non,4,351,True
3254,t1_jg4yq77,cant_tell,0,190,True
3255,t1_jg7d3o4,conspiracy,6,409,True
3255,t1_jg7db7a,non,4,409,False
3257,t1_jgcarps,conspiracy,5,352,True
3257,t1_jgcaxki,non,8,352,False
3259,t1_jgd1w5c,non,0,773,True
3260,t1_jgjssv9,cant_tell,2,223,True
3261,t1_jgk4mnd,conspiracy,5,177,True
3262,t1_jgmt9vw,cant_tell,7,349,True
3263,t1_jgojurx,non,0,270,True
3264,t1_jgr95kp,non,16,596,True
3265,t1_jgszjzu,conspiracy,32,686,True
3266,t1_jgu3je5,non,6,595,True
3266,t1_jgurspo,non,0,665,False
3267,t1_jgumaer,non,0,935,True
3269,t1_jgy8ud5,non,0,316,True
3270,t1_jh1rx92,non,0,224,True
3271,t1_jh57d37,non,4,214,True
3272,t1_jh7fftp,conspiracy,7,418,True
3273,t1_jhdvbhz,non,3,191,True
3274,t1_jhj434n,non,5,404,True
3275,t1_jhl3b85,non,2,166,True
3276,t1_jhp6nck,cant_tell,6,205,True
3277,t1_ji5zu3o,cant_tell,7,395,True
3278,t1_jifup35,non,2,363,True
3279,t1_jikjg3s,non,0,462,True
3280,t1_jil156a,conspiracy,8,783,True
3281,t1_jiq3a2m,non,2,349,True
3282,t1_jiq41ie,cant_tell,3,719,True
3283,t1_jiwlr64,non,0,376,True
3284,t1_jiykl4j,cant_tell,0,726,True
3285,t1_jiynhh8,non,10,843,True
3286,t1_jizifs5,non,6,443,True
3287,t1_jj6v4yw,conspiracy,4,322,True
3288,t1_jj8pzai,cant_tell,9,641,True
3289,t1_jjcqhut,cant_tell,2,181,True
3290,t1_jjhipdx,non,6,716,True
3291,t1_jjkrax5,non,6,553,True
3292,t1_jjrbdje,conspiracy,6,376,True
3293,t1_jk42tfn,non,4,562,True
3294,t1_jkgttbs,conspiracy,13,716,True
3295,t1_jkhl847,non,5,914,True
3296,t1_jktfxls,non,5,539,True
3297,t1_jkzy69d,non,6,508,True
3297,t1_jkzy8y0,cant_tell,7,507,False
3299,t1_jlfnclp,conspiracy,11,488,True
3300,t1_jlgd7c0,conspiracy,5,287,True
3301,t1_jlligan,conspiracy,8,336,True
3302,t1_jltelr0,conspiracy,6,361,True
3303,t1_jlvlmw2,non,6,249,True
3304,t1_jlyhvz7,non,4,228,True
3306,t1_jm05rks,conspiracy,4,397,True
3307,t1_jlyonlf,non,7,479,True
3307,t1_jm2ypn7,non,0,462,False
3307,t1_jm7zwd0,conspiracy,9,462,False
3309,t1_jm9yzmv,non,0,253,True
3310,t1_jmdvfyh,conspiracy,31,687,True
3311,t1_jmiosd4,non,8,339,True
3312,t1_jmiye7s,conspiracy,7,967,True
3313,t1_jml4kdk,cant_tell,3,317,True
3314,t1_jmlounf,conspiracy,14,363,True
3314,t1_jmloy9v,conspiracy,13,363,False
3316,t1_jmlqmja,non,1,281,True
3317,t1_jms9dfm,cant_tell,6,848,True
3318,t1_jmt5tq3,conspiracy,3,580,True
3319,t1_jmtqugd,conspiracy,15,321,True
3320,t1_jn0br6j,conspiracy,7,702,True
3321,t1_jn0fxsn,conspiracy,8,743,True
3322,t1_jn0i7yc,non,0,796,True
3323,t1_jn1u48d,non,7,388,True
3323,t1_jn1go6w,cant_tell,0,388,False
3325,t1_jn2v79k,non,9,563,True
3326,t1_jn7npig,non,5,368,True
3327,t1_jnavpc8,cant_tell,2,241,True
3328,t1_jnj5gn1,non,5,496,True
3329,t1_jnkwca9,conspiracy,7,279,True
3329,t1_jnkxfr7,conspiracy,4,279,False
3331,t1_jnrprpx,cant_tell,4,825,True
3332,t1_jnsfllc,non,0,556,True
3333,t1_jntyhkd,non,0,265,True
3334,t1_jny2kzb,conspiracy,3,319,True
3335,t1_jo46axs,non,0,255,True
3336,t1_jo70uxh,non,7,362,True
3336,t1_jo70t7i,cant_tell,0,362,False
3338,t1_job3c89,non,0,431,True
3339,t1_johr9g7,conspiracy,5,213,True
3340,t1_joi7so1,conspiracy,5,316,True
3340,t1_joi7ulu,cant_tell,0,316,False
3340,t1_joi7vi8,non,4,316,False
3340,t1_joi7w11,conspiracy,5,316,False
3340,t1_joi7xxk,cant_tell,6,316,False
3345,t1_joifrnt,conspiracy,0,294,True
3346,t1_jolxlod,non,7,555,True
3347,t1_jolyktt,non,8,349,True
3348,t1_joq538t,cant_tell,4,438,True
3349,t1_joqui1t,conspiracy,3,221,True
3350,t1_jovhrg2,cant_tell,10,372,True
3351,t1_joy5ola,non,7,865,True
3352,t1_jp0qary,cant_tell,2,227,True
3353,t1_jp2j77o,conspiracy,6,198,True
3354,t1_jp33fb5,non,17,439,True
3354,t1_jp332jo,cant_tell,9,439,False
3354,t1_jp33i3e,conspiracy,8,439,False
3354,t1_jp33k4v,cant_tell,0,439,False
3358,t1_jp52rai,non,4,383,True
3359,t1_jp5e861,non,3,245,True
3360,t1_jpmueic,conspiracy,12,341,True
3361,t1_jpn0c1k,non,8,710,True
3362,t1_jpq310w,conspiracy,4,224,True
3363,t1_jpqldw0,non,0,881,True
3364,t1_jprpz0x,non,13,312,True
3365,t1_jps02h7,cant_tell,5,465,True
3366,t1_jps3i60,non,6,240,True
3367,t1_jpv0rmr,non,5,258,True
3368,t1_jqq0trs,non,3,238,True
3369,t1_jqugkxd,conspiracy,4,804,True
3370,t1_jraxqgr,non,7,226,True
3371,t1_jrep3bu,cant_tell,0,227,True
3372,t1_jrfma0j,non,0,829,True
3373,t1_jrg5bot,conspiracy,7,297,True
3374,t1_jrjzkdh,cant_tell,4,549,True
3374,t1_jrlp1dy,non,7,549,False
3376,t1_jrng3ku,cant_tell,8,818,True
3377,t1_jrx3jj7,conspiracy,4,722,True
3378,t1_jsgzc9z,conspiracy,7,270,True
3378,t1_jsgzibj,non,5,270,False
3380,t1_jsh4nf1,conspiracy,4,256,True
3381,t1_jshmoq4,cant_tell,5,285,True
3382,t1_jsis2tb,conspiracy,8,198,True
3383,t1_jsjmumk,non,2,266,True
3384,t1_jspvj43,conspiracy,5,172,True
3385,t1_jsq0rd8,non,4,601,True
3386,t1_jsq82qe,cant_tell,1,204,True
3387,t1_jsq8lr5,non,0,261,True
3388,t1_jss4kby,non,0,214,True
3389,t1_jsulv17,conspiracy,0,630,True
3390,t1_jsxdnq0,cant_tell,4,836,True
3391,t1_jsz87sq,conspiracy,15,417,True
3392,t1_jt0xbsl,conspiracy,4,273,True
3393,t1_jtej679,conspiracy,4,435,True
3395,t1_jtplv1s,non,1,316,True
3397,t1_jtqktnz,conspiracy,6,750,True
3397,t1_jtqkugn,conspiracy,5,750,False
3399,t1_jtse98m,conspiracy,4,224,True
3400,t1_jttyfuc,conspiracy,7,425,True
3401,t1_jtx49ya,non,7,293,True
3402,t1_ju2j6vx,non,6,726,True
3403,t1_ju2n90v,conspiracy,6,328,True
3404,t1_ju2vv31,conspiracy,3,222,True
3404,t1_ju2t4co,conspiracy,2,222,False
3406,t1_ju4re7v,conspiracy,5,268,True
3407,t1_jufuatq,cant_tell,3,345,True
3408,t1_juhpv25,conspiracy,6,423,True
3409,t1_juhu2vo,conspiracy,4,290,True
3410,t1_jumi3ii,cant_tell,3,523,True
3410,t1_jumir45,cant_tell,3,523,False
3412,t1_jupe166,conspiracy,5,164,True
3413,t1_juvl0tw,cant_tell,4,531,True
3414,t1_jv2fc45,conspiracy,3,285,True
3415,t1_jvf8ybq,conspiracy,3,770,True
3416,t1_jvh571m,cant_tell,1,166,True
3417,t1_jvjntf9,conspiracy,9,616,True
3418,t1_jvjv54k,non,8,331,True
3419,t1_jvmey8z,non,4,387,True
3420,t1_jvo6kcj,non,0,694,True
3421,t1_jvpp0tk,non,0,748,True
3422,t1_jw0q45y,non,11,561,True
3423,t1_jw7r4no,conspiracy,6,342,True
3424,t1_jwcn1br,non,10,432,True
3425,t1_jwn2hn5,non,2,231,True
3426,t1_jwwjw2p,conspiracy,10,966,True
3427,t1_jx42ted,non,19,930,True
3428,t1_jx5k828,non,0,204,True
3429,t1_jxac7m1,non,3,361,True
3430,t1_jxgo3fs,non,6,179,True
3431,t1_jxmb30r,non,4,232,True
3432,t1_jxmh65s,conspiracy,4,244,True
3433,t1_jxrnz3n,non,3,543,True
3434,t1_jy114yn,cant_tell,4,211,True
3435,t1_jyfq8lc,non,3,196,True
3436,t1_jyg6by4,conspiracy,9,903,True
3437,t1_jyits3g,non,0,172,True
3438,t1_jyo1gj0,non,5,231,True
3439,t1_jyv5s36,non,5,350,True
3440,t1_jyvvbz9,non,4,356,True
3441,t1_jyzq581,cant_tell,5,936,True
3442,t1_jz3f48q,cant_tell,3,280,True
3443,t1_jze7b0k,non,6,936,True
3444,t1_jzi1ivp,non,2,671,True
3445,t1_jzj8p8m,conspiracy,3,324,True
3446,t1_jzkelf0,cant_tell,0,191,True
3447,t1_jzllltt,non,1,209,True
3448,t1_jzvheuw,non,5,205,True
3449,t1_k0257rj,non,7,470,True
3450,t1_k03lag2,conspiracy,12,576,True
3451,t1_k055t3y,non,0,937,True
3452,t1_k0o6veq,cant_tell,6,651,True
3453,t1_k0siuha,non,5,587,True
3454,t1_k0tn9bo,non,0,760,True
3455,t1_k0y3o9w,conspiracy,5,488,True
3456,t1_k15rdjt,non,11,363,True
3457,t1_k166z7w,non,7,539,True
3458,t1_k18kbo0,cant_tell,3,417,True
3459,t1_k1jjkb4,cant_tell,2,785,True
3460,t1_k1kdrvp,non,6,590,True
3460,t1_k1kcjjw,non,4,590,False
3460,t1_k1kct8n,non,4,590,False
3460,t1_k1kesu1,non,3,590,False
3460,t1_k1khyot,conspiracy,11,590,False
3466,t1_k1stfbm,non,0,721,True
3467,t1_k1yyhc1,non,7,710,True
3468,t1_k26rhnv,non,0,449,True
3469,t1_k2d17jz,non,0,442,True
3470,t1_k2knpq5,conspiracy,16,679,True
3470,t1_k2kncfb,conspiracy,5,679,False
3470,t1_k2kngnj,conspiracy,6,679,False
3470,t1_k2knzoi,conspiracy,10,679,False
3470,t1_k2ko8ma,non,4,679,False
3470,t1_k2koe9v,non,6,679,False
3476,t1_k2qcyfg,non,5,278,True
3477,t1_k2tbru2,non,12,247,True
3478,t1_k2u1gsc,conspiracy,7,459,True
3478,t1_k2u1o8d,conspiracy,7,459,False
3480,t1_k3boexm,conspiracy,7,814,True
3481,t1_k3ckwoe,non,0,265,True
3482,t1_k3gi8t5,non,5,232,True
3483,t1_k3n9abp,cant_tell,7,368,True
3483,t1_k3n9eut,conspiracy,6,368,False
3483,t1_k3n9h8b,cant_tell,2,368,False
3483,t1_k3n9mr3,non,7,368,False
3483,t1_k3n9rfl,non,9,368,False
3488,t1_k3oqyuw,cant_tell,4,675,True
3489,t1_k3rq6kx,conspiracy,9,899,True
3489,t1_k3rq183,conspiracy,4,899,False
3491,t1_k3rtfut,cant_tell,0,182,True
3492,t1_k3wdo4p,non,3,480,True
3493,t1_k41y1w0,cant_tell,3,741,True
3494,t1_k47vk5s,non,3,207,True
3495,t1_k4a1rz6,cant_tell,17,610,True
3496,t1_k4egrf9,conspiracy,8,563,True
3497,t1_k4fu291,conspiracy,7,367,True
3498,t1_k4prup6,non,6,349,True
3498,t1_k4kjfq3,non,4,349,False
3498,t1_k4kk4pk,non,0,349,False
3498,t1_k4pr2up,non,5,349,False
3502,t1_k4u5a44,non,0,283,True
3503,t1_k4u8bjj,non,6,272,True
3504,t1_k4vn06v,cant_tell,6,470,True
3505,t1_k4z4r5q,non,5,239,True
3506,t1_k53hblq,conspiracy,7,273,True
3507,t1_k5c5yyz,cant_tell,0,547,True
3508,t1_k5h7ah6,conspiracy,4,404,True
3509,t1_k5jqdng,non,0,921,True
3510,t1_k5l4ld1,non,2,432,True
3511,t1_k5lhv4u,cant_tell,3,187,True
3512,t1_k5oanm7,non,10,922,True
3513,t1_k5srja1,conspiracy,4,206,True
3514,t1_k5u6uie,cant_tell,9,681,True
3515,t1_k63z1cv,non,3,288,True
3516,t1_k692fi5,non,11,863,True
3517,t1_k6bxh7x,non,6,290,True
3518,t1_k6fu6c7,non,0,396,True
3519,t1_k6gn3xk,non,5,504,True
3520,t1_k6hj02m,conspiracy,5,776,True
3521,t1_k6iq30w,non,6,461,True
3522,t1_k6iyggz,non,11,229,True
3523,t1_k6jr8br,non,3,310,True
3524,t1_k6ma7cg,cant_tell,0,185,True
3525,t1_k6ntofu,non,7,832,True
3526,t1_k6ogmx6,conspiracy,6,221,True
3527,t1_k6oi5i0,conspiracy,5,426,True
3528,t1_k6ozaw9,non,0,251,True
3529,t1_k6srlu5,non,4,282,True
3530,t1_k6u773a,conspiracy,11,569,True
3531,t1_k6uf9yu,non,0,392,True
3532,t1_k6w79lu,conspiracy,8,762,True
3533,t1_k6z1u6l,non,4,576,True
3534,t1_k743mfj,cant_tell,3,253,True
3535,t1_k7635ks,non,2,240,True
3536,t1_k764w86,conspiracy,7,454,True
3536,t1_k764qqg,conspiracy,6,454,False
3538,t1_k7atoac,non,6,185,True
3538,t1_k7ari2r,non,2,185,False
3540,t1_k7f1608,non,5,245,True
3541,t1_k7gtjrm,non,0,460,True
3542,t1_k7hckxi,non,16,969,True
3543,t1_k7ifxz9,cant_tell,1,623,True
3544,t1_k7imr2k,non,5,797,True
3545,t1_k7jm7ij,non,9,366,True
3546,t1_k7k0fx9,non,5,315,True
3547,t1_k7maqpi,conspiracy,19,903,True
3548,t1_k7pfrpl,non,0,548,True
3549,t1_k7r2p8d,cant_tell,3,491,True
3550,t1_k7whnlu,cant_tell,3,342,True
3551,t1_k7zbou2,non,1,259,True
3552,t1_k81m5m3,non,0,185,True
3553,t1_k81myby,non,1,223,True
3554,t1_k82ugn8,conspiracy,6,412,True
3555,t1_k83jz0w,non,3,277,True
3556,t1_k84yznn,non,0,307,True
3557,t1_k85gvsz,conspiracy,6,722,True
3558,t1_k8bth4z,conspiracy,3,182,True
3559,t1_k8dy1lx,non,4,195,True
3560,t1_k8o8t89,cant_tell,8,338,True
3561,t1_k8pdb8a,non,6,178,True
3562,t1_k93qzkh,non,2,637,True
3563,t1_k95d5rm,conspiracy,13,522,True
3564,t1_k95p8ng,conspiracy,3,341,True
3565,t1_k9bcleb,conspiracy,6,251,True
3566,t1_k9blpye,non,5,796,True
3567,t1_k9bplnr,non,6,247,True
3568,t1_k9ctynf,non,4,454,True
3569,t1_k9f4xnn,cant_tell,3,374,True
3570,t1_k9k5mso,conspiracy,5,354,True
3571,t1_k9lz1kz,cant_tell,5,353,True
3571,t1_k9lyhel,cant_tell,4,353,False
3573,t1_k9mk7ta,non,6,473,True
3574,t1_k9mnjkj,non,10,268,True
3575,t1_k9odjtu,non,13,737,True
3575,t1_k9odms7,cant_tell,0,735,False
3577,t1_k9pbjdg,non,10,508,True
3578,t1_k9s8wnp,non,5,341,True
3579,t1_k9wo5px,non,3,162,True
3580,t1_k9yn8rx,conspiracy,5,707,True
3581,t1_ka3tv8u,non,7,166,True
3582,t1_kaab6tv,conspiracy,7,298,True
3583,t1_kaah96z,cant_tell,5,243,True
3584,t1_kagh2v3,cant_tell,5,719,True
3585,t1_kak50al,cant_tell,0,614,True
3586,t1_kalwq0n,conspiracy,5,574,True
3587,t1_kamhqia,conspiracy,7,389,True
3588,t1_kanb5fh,conspiracy,8,435,True
3589,t1_kane5ay,non,20,535,True
3589,t1_kand8m4,cant_tell,3,535,False
3591,t1_kat9fvt,conspiracy,9,717,True
3592,t1_kaw3zj9,non,9,724,True
3593,t1_kay9hdx,cant_tell,7,458,True
3594,t1_kaz40x0,non,0,332,True
3595,t1_kb0s786,cant_tell,9,542,True
3596,t1_kb55gnn,non,4,280,True
3597,t1_kb75zqy,conspiracy,4,213,True
3598,t1_kb7mn67,non,5,605,True
3599,t1_kb7rmop,cant_tell,9,568,True
3600,t1_kb88zba,conspiracy,3,545,True
3601,t1_kbb8e3m,conspiracy,4,269,True
3602,t1_kbfz7db,cant_tell,5,231,True
3603,t1_kbgvmfs,cant_tell,5,228,True
3604,t1_kbhniqh,non,5,652,True
3605,t1_kbj0kca,non,0,841,True
3606,t1_kbl8inp,non,5,685,True
3607,t1_kbtpo43,non,0,236,True
3608,t1_kbuh3es,conspiracy,4,294,True
3609,t1_kbw1isa,non,0,361,True
3610,t1_kbx7thu,conspiracy,4,483,True
3611,t1_kc0ct8j,non,4,173,True
3612,t1_kc4imvp,conspiracy,6,923,True
3613,t1_kc4rnom,non,2,435,True
3614,t1_kc8d495,non,0,208,True
3615,t1_kcapsc7,non,0,461,True
3616,t1_kcazwmx,cant_tell,0,301,True
3617,t1_kcbozh1,non,4,308,True
3618,t1_kcdp9ut,non,12,563,True
3619,t1_kcdsey5,non,7,791,True
3620,t1_kcemqfq,non,5,324,True
3621,t1_kceo21o,non,0,206,True
3622,t1_kcfcp2o,conspiracy,4,270,True
3623,t1_kcgzql6,non,10,247,True
3624,t1_kcjp882,conspiracy,8,591,True
3625,t1_kcm73ae,non,2,213,True
3626,t1_kcncpiq,non,5,315,True
3627,t1_kcocdg6,conspiracy,6,663,True
3627,t1_kcobm84,conspiracy,4,662,False
3629,t1_kcrb15b,cant_tell,4,309,True
3630,t1_kctgi9r,non,0,523,True
3631,t1_kd2dlk9,cant_tell,0,498,True
3632,t1_kd3281t,conspiracy,22,956,True
3633,t1_kd3fb09,non,6,306,True
3634,t1_kd4kcvv,non,5,363,True
3635,t1_kd4yc1l,non,6,255,True
3636,t1_kd9reh7,conspiracy,9,339,True
3637,t1_kdas8gi,non,4,969,True
3638,t1_kdc02kl,non,0,308,True
3639,t1_kddn6te,cant_tell,7,281,True
3640,t1_kddshbs,cant_tell,4,616,True
3640,t1_kde6dk3,non,7,438,False
3642,t1_kde9akw,cant_tell,9,408,True
3642,t1_kde9e1k,conspiracy,4,408,False
3644,t1_kdebbqr,cant_tell,5,989,True
3645,t1_kdel1wj,non,0,266,True
3646,t1_kdfxwfi,conspiracy,7,391,True
3647,t1_kdhi7b1,non,6,293,True
3648,t1_kdihfml,non,9,659,True
3649,t1_kdu45r1,conspiracy,8,191,True
3650,t1_ke13jjy,non,6,731,True
3651,t1_ke66zkr,non,4,245,True
3652,t1_keby79n,non,4,290,True
3653,t1_kec4nix,non,3,369,True
3654,t1_keey40j,non,4,506,True
3655,t1_kefeune,non,10,253,True
3656,t1_kefz79c,cant_tell,5,165,True
3657,t1_kei1abn,conspiracy,6,278,True
3657,t1_kei0r8d,conspiracy,4,278,False
3659,t1_kei3mp6,non,0,246,True
3660,t1_keip4y9,non,5,365,True
3661,t1_kejj60o,cant_tell,1,569,True
3662,t1_kel3t9x,conspiracy,3,247,True
3663,t1_kema2f1,cant_tell,4,294,True
3664,t1_keojxcq,conspiracy,0,476,True
3665,t1_kev1fij,non,0,541,True
3666,t1_kezh8cu,conspiracy,3,279,True
3667,t1_keznacg,non,0,485,True
3668,t1_kf4zudh,non,7,654,True
3669,t1_kf54yml,cant_tell,0,229,True
3670,t1_kf88cba,non,5,446,True
3671,t1_kf9jb3y,cant_tell,2,172,True
3672,t1_kfff2vu,non,1,479,True
3673,t1_kfg52a2,non,4,225,True
3674,t1_kfgksr7,non,5,230,True
3674,t1_kfgt3z1,conspiracy,8,245,False
3675,t1_kfgrt31,non,5,300,True
3677,t1_kfjfxwk,conspiracy,2,298,True
3678,t1_kfkui6e,conspiracy,7,227,True
3678,t1_kfktpzy,non,8,227,False
3678,t1_kfkvxtj,conspiracy,6,227,False
3681,t1_kfr3rpg,cant_tell,2,460,True
